#include "font_Inter.h"

// ---- 14 px ----
static const unsigned char Inter_14_Bold_Italic_data[] = {
0x00,0x00,0x01,0x40,0x05,0x71,0x01,0xE8,0xE3,0x5B,
0x80,0x9E,0x00,0x07,0x33,0x42,0xE7,0xBB,0x3C,0x66,
0x0D,0x70,0x03,0x64,0x31,0x83,0xFF,0x9F,0xFD,0x23,
0x18,0x87,0xFF,0x2E,0x61,0x26,0x30,0x0C,0x99,0xF3,
0x60,0x04,0x00,0x60,0x0F,0xC1,0xFF,0x0E,0xB8,0xE4,
0xE7,0x20,0x3F,0x00,0xFE,0x03,0xF8,0x05,0xE0,0x27,
0x39,0x39,0xFF,0x8F,0xF8,0x1F,0x84,0x04,0x00,0x0F,
0x73,0x05,0x0F,0x01,0x9F,0x83,0x19,0x86,0x19,0x8C,
0x1F,0x18,0x1F,0x30,0x00,0x30,0x00,0x67,0x80,0xCF,
0xC1,0x8C,0xC3,0x18,0xC6,0x1D,0x8C,0x0F,0x98,0x0F,
0x00,0x0C,0x70,0x03,0x40,0xF0,0x0F,0xC0,0xE6,0x06,
0x30,0x33,0x81,0xF8,0x07,0x80,0xF8,0xCF,0xE6,0x73,
0xF7,0x0F,0x1C,0xF0,0xFF,0xC3,0xE7,0x03,0x33,0x41,
0xE7,0xCE,0x07,0x91,0xE9,0xC1,0xC1,0x83,0x83,0x20,
0xE5,0x38,0x30,0x8E,0x06,0x12,0xE0,0x60,0x07,0x97,
0xE9,0xC3,0x81,0xB4,0x38,0x38,0x34,0x8E,0x83,0x87,
0x0E,0x00,0x08,0x42,0x32,0xC1,0x84,0x93,0x5C,0x1F,
0x3F,0xD3,0x41,0x80,0x0A,0x52,0x0B,0x41,0xC4,0x86,
0x0F,0xFD,0xFF,0x07,0x09,0x18,0x00,0x04,0x30,0xE1,
0xA1,0xCC,0xE8,0xC0,0x07,0x11,0x2A,0x63,0xF8,0x03,
0x19,0x01,0xA7,0x80,0x0A,0x97,0xF2,0x00,0x3C,0x00,
0xC0,0x38,0x06,0x01,0xC0,0x31,0x01,0xC0,0x30,0x0E,
0x01,0x80,0x70,0x41,0x80,0x70,0x0C,0x03,0x80,0x0C,
0x71,0x03,0x40,0xF0,0x1F,0xE1,0xE7,0x1C,0x3C,0xE0,
0xE6,0x07,0x70,0x3C,0xF0,0x73,0x87,0x1E,0x78,0x7F,
0x81,0xF0,0x00,0x07,0x72,0x02,0x03,0xCF,0x9F,0x9B,
0x93,0x83,0x83,0x2C,0xE0,0xC1,0xC0,0x0C,0x70,0x03,
0x00,0xF8,0x1F,0xE0,0xE7,0x8E,0x1C,0x00,0xE0,0x0E,
0x00,0xF0,0x0F,0x00,0xF0,0x0E,0x01,0xE0,0x1E,0x00,
0xFF,0xCF,0xFC,0x0B,0x71,0x03,0x41,0xF0,0x7F,0xCF,
0x1C,0xE1,0xC0,0x3E,0x03,0xE0,0x0F,0x40,0x0E,0x70,
0xE7,0x9E,0x7F,0xC1,0xF0,0x0C,0x70,0x03,0x40,0x1E,
0x01,0xF0,0x1F,0x81,0xD8,0x0F,0xC0,0xEE,0x0E,0x70,
0xE3,0x8E,0x1D,0x0F,0xFE,0x81,0xC8,0x01,0xC0,0x0B,
0x71,0x03,0x20,0xFF,0x8C,0x01,0xC0,0x1F,0xC1,0xFE,
0x3C,0xF4,0x80,0xE7,0x0E,0x73,0xC7,0xF8,0x1F,0x00,
0x0B,0x71,0x03,0x41,0xF0,0x3F,0xC7,0x9C,0xE0,0x0E,
0xF0,0xDF,0x9F,0x39,0xE1,0xDC,0x1D,0xC1,0x9C,0x39,
0xE7,0x8F,0xF0,0x7C,0x00,0x0B,0x71,0x02,0xE1,0xFF,
0x80,0x78,0x07,0x00,0xE0,0x1E,0x01,0xC0,0x38,0x07,
0x80,0x70,0x0E,0x01,0xE0,0x1C,0x03,0x80,0x00,0x0B,
0x71,0x03,0x41,0xF0,0x7F,0xC7,0x1E,0x1C,0x3C,0x1F,
0xC3,0x8E,0x70,0xE7,0x07,0x70,0xE7,0x9E,0x7F,0xC1,
0xF0,0x0B,0x71,0x03,0x41,0xF0,0x7F,0x8F,0x3C,0xE1,
0xCC,0x1D,0xC1,0xCE,0x3C,0xFF,0xC7,0x9C,0x03,0x9C,
0x39,0xE7,0x0F,0xE0,0x7C,0x00,0x04,0x51,0x01,0x87,
0x0F,0x41,0x3C,0x06,0x70,0xE1,0xC3,0x0F,0x0D,0x60,
0x43,0x86,0x1C,0x46,0x00,0x0B,0x59,0x03,0x40,0x04,
0x03,0xC0,0xFC,0x7E,0x0F,0x80,0xE0,0x1F,0x80,0x7E,
0x00,0xF8,0x03,0x80,0x08,0x0B,0x39,0x13,0x61,0xFF,
0xC8,0x00,0x3F,0xE7,0xFE,0x0B,0x59,0x03,0x44,0x00,
0x70,0x0F,0xC0,0x3F,0x00,0x7C,0x03,0xC0,0xF8,0x7E,
0x1F,0x81,0xC0,0x10,0x00,0x09,0x72,0x02,0xC7,0xC3,
0xF9,0xCF,0x61,0xC0,0x70,0x38,0x3C,0x1C,0x20,0xC0,
0x00,0x43,0x80,0xC0,0x12,0x91,0xE5,0x00,0x3F,0x80,
0x1F,0xFC,0x0F,0x87,0xC3,0xC0,0x38,0x63,0xDB,0x9C,
0xFF,0x33,0x39,0xC6,0xE6,0x18,0xD9,0xC3,0x1B,0x30,
0x67,0x66,0x0C,0xCC,0xE3,0x99,0x8F,0xFE,0x38,0xF7,
0x87,0x80,0x00,0x7C,0x30,0x07,0xFE,0x00,0x3F,0x80,
0x0D,0x70,0x03,0xE0,0x0F,0x80,0x7E,0x01,0xD8,0x0E,
0x60,0x39,0xD0,0x38,0xE8,0x3F,0xF4,0x38,0x1D,0xE0,
0x77,0x01,0xC0,0x0C,0x70,0x03,0x43,0xFC,0x3F,0xF9,
0x38,0x71,0xC7,0x0F,0xF0,0xFF,0xD2,0xE0,0xE7,0x0E,
0x3F,0xF3,0xFE,0x00,0x0D,0x71,0x03,0x80,0xFC,0x0F,
0xF8,0x78,0xF3,0xC1,0xCE,0x07,0x38,0x02,0x78,0x01,
0x1C,0x0E,0x3C,0xF0,0x7F,0x80,0xF8,0x00,0x0E,0x70,
0x03,0x83,0xF8,0x0F,0xFC,0x1C,0x3C,0x38,0x3A,0x4E,
0x07,0x97,0x03,0x8E,0x0E,0x1C,0x7C,0x3F,0xF0,0xFF,
0x80,0x0C,0x70,0x03,0x03,0xFE,0x3F,0xFA,0x38,0x01,
0xFF,0x1F,0xF2,0x9C,0x00,0xFF,0x8F,0xFC,0x0C,0x70,
0x02,0xC3,0xFE,0x3F,0xFA,0x38,0x01,0xFE,0x1F,0xF2,
0xDC,0x01,0xC0,0x00,0x0D,0x71,0x03,0xC0,0xFC,0x0F,
0xF8,0x78,0xF3,0xC1,0xE1,0xC0,0x11,0xC3,0xF7,0x01,
0xE3,0x81,0xC7,0x9E,0x0F,0xF0,0x1F,0x00,0x0F,0x70,
0x03,0xC3,0x81,0xC7,0x01,0xA8,0xE0,0x70,0xFF,0xF1,
0xFF,0xE5,0xB8,0x1C,0x70,0x38,0x06,0x70,0x01,0x43,
0xE1,0xD8,0xE3,0x80,0x0C,0x70,0x02,0xC0,0x0F,0x60,
0x1C,0x00,0xC0,0x0E,0x04,0x72,0x38,0x70,0xE7,0x07,
0xF8,0x1F,0x00,0x0F,0x70,0x03,0x83,0x83,0xC7,0x07,
0x07,0x0E,0x07,0x1C,0x07,0x38,0x07,0x70,0x07,0xF0,
0x0F,0xF0,0x0F,0xB8,0x0F,0x38,0x21,0xC3,0x81,0xC1,
0xC3,0x81,0xE0,0x0A,0x70,0x02,0xC3,0x86,0x1C,0x16,
0xE0,0x1F,0xF7,0xFC,0x12,0x70,0x04,0x83,0xC0,0x78,
0xF8,0x1F,0x1F,0x83,0xE3,0xF0,0xFC,0x7E,0x1B,0x8F,
0xC7,0x61,0xD9,0xDC,0x73,0xBB,0x8E,0x76,0x71,0xCF,
0xCE,0x39,0xF1,0xC7,0x3E,0x70,0xE3,0x8E,0x38,0x71,
0xC0,0x0F,0x70,0x03,0xC3,0x81,0xE0,0xF8,0x3C,0x1F,
0x8E,0x1D,0x8E,0x1D,0xCE,0x39,0xCE,0x38,0xEE,0x38,
0xEC,0x87,0x0F,0x87,0x07,0x8E,0x07,0x80,0x0E,0x71,
0x03,0xC0,0xF8,0x07,0xFC,0x1E,0x3C,0x78,0x38,0xE0,
0x71,0xC0,0x77,0x00,0xD3,0xC0,0x73,0x81,0xC3,0xCF,
0x03,0xFC,0x03,0xF0,0x00,0x0D,0x70,0x03,0x43,0xFC,
0x1F,0xF8,0x70,0xE1,0xC3,0xC7,0x07,0x1C,0x38,0x71,
0xE3,0xFF,0x0F,0xF8,0xA7,0x00,0x38,0x00,0x0E,0x79,
0xFB,0xC0,0xF8,0x07,0xFC,0x1F,0xFC,0x78,0x38,0xE0,
0x71,0xC0,0x77,0x00,0xD1,0xC0,0x73,0x8D,0xE7,0x9F,
0x87,0xFE,0x07,0xF8,0x07,0xF8,0x00,0x38,0x0D,0x70,
0x03,0x43,0xFC,0x1F,0xF8,0x70,0xE8,0x38,0x38,0xE1,
0xC3,0x8F,0x1F,0xF8,0x7F,0x84,0x38,0xE0,0xE3,0xC3,
0x87,0x1C,0x1C,0x0C,0x71,0x03,0x41,0xF0,0x3F,0xE1,
0xC7,0x1C,0x1C,0xE0,0x07,0xC0,0x1F,0xC0,0x7F,0x00,
0x3C,0x00,0xE7,0x07,0x3C,0xF1,0xFF,0x03,0xF0,0x0C,
0x72,0x03,0x5F,0xFE,0xFF,0xE9,0x0E,0x00,0x60,0x58,
0xE0,0x06,0x02,0x0E,0x00,0x0D,0x71,0x03,0x87,0x07,
0xA7,0x03,0x9C,0x0C,0x70,0x74,0xF0,0x39,0xC1,0xC3,
0xFF,0x0F,0xF8,0x0F,0x80,0x0E,0x72,0x03,0xDC,0x07,
0xB8,0x0E,0x78,0x38,0x70,0x72,0x1C,0x38,0x87,0x1C,
0x20,0xEE,0x08,0x3F,0x02,0x0F,0x80,0x13,0x72,0x05,
0x1C,0x1C,0x1D,0xC3,0xC3,0xE3,0x87,0x87,0x38,0xF8,
0xE3,0x8D,0xCE,0x43,0xBB,0xB8,0x3B,0x3B,0x03,0xF3,
0xF0,0x3E,0x3F,0x03,0xE3,0xE0,0x3C,0x1E,0x03,0xC1,
0xC0,0x0F,0x70,0x03,0x87,0x83,0xC3,0x87,0x81,0xCF,
0x01,0xCE,0x00,0xFC,0x00,0xF8,0x00,0x78,0x00,0xF8,
0x01,0xF8,0x01,0xFC,0x03,0x9C,0x07,0x1E,0x0E,0x0E,
0x1C,0x0F,0x00,0x0D,0x72,0x03,0x9C,0x0F,0x38,0x38,
0xE1,0xC3,0x8F,0x07,0x38,0x1D,0xC2,0x07,0xC0,0x0E,
0x00,0x30,0x14,0x38,0x00,0x0D,0x70,0x03,0x60,0xFF,
0xE0,0x07,0x00,0x38,0x01,0xE0,0x0F,0x00,0x38,0x01,
0xC0,0x0E,0x00,0x70,0x03,0x80,0x1C,0x01,0x1F,0xFC,
0x08,0x90,0xE9,0xE0,0x7E,0x07,0x03,0x16,0x70,0x30,
0xB7,0x03,0xC3,0xE0,0x04,0x8A,0xF2,0x27,0x27,0xB1,
0xA9,0xC6,0x07,0x90,0xE9,0xE0,0xFC,0x07,0x80,0xD6,
0x38,0x32,0x8E,0x3E,0x3C,0x00,0x08,0x31,0x42,0x41,
0x81,0xE1,0xF0,0xD8,0xC6,0xE3,0x09,0x17,0xF2,0x63,
0xFE,0x04,0x1B,0x61,0xDC,0x63,0x80,0x0B,0x59,0x03,
0x03,0xDC,0x7F,0xCE,0x7E,0xF8,0x73,0xDF,0x3F,0x61,
0xEE,0x00,0x0C,0x70,0x03,0x03,0x81,0x07,0x00,0x3B,
0xC1,0xFF,0x0F,0x38,0x70,0xE7,0x07,0x38,0x34,0x38,
0x71,0xE7,0x0D,0xF8,0xE7,0x00,0x0A,0x59,0x02,0xC3,
0xE0,0xFE,0x3C,0xEE,0x1E,0x78,0x07,0x1C,0xE7,0x8F,
0xE0,0xF8,0x0C,0x71,0x03,0x00,0x0F,0x00,0x1C,0x1E,
0xE1,0xF7,0x1E,0x7A,0xB8,0x71,0xC7,0x8E,0x7C,0x7E,
0xC1,0xEE,0x00,0x0A,0x59,0x02,0xC3,0xE0,0xFE,0x38,
0xEE,0x1D,0xFF,0x3F,0xC6,0x00,0xE0,0x1C,0x71,0xFC,
0x1F,0x00,0x0B,0x96,0xE2,0x00,0x3C,0x07,0xC0,0xE2,
0x07,0xF0,0x1C,0x60,0x70,0xA1,0xC0,0x78,0x0F,0x00,
0x0C,0x78,0xE3,0x01,0xEE,0x1F,0x71,0xE7,0x9E,0x3A,
0x9C,0x38,0xE7,0xC7,0xEC,0x1E,0xE0,0x07,0x1C,0x78,
0x7F,0x81,0xF0,0x00,0x0B,0x70,0x03,0x03,0x02,0x0E,
0x00,0xEF,0x0F,0xF8,0xF3,0x8E,0x3D,0x38,0x73,0x86,
0x30,0xE7,0x0E,0x06,0x78,0x01,0x43,0x0F,0x0C,0x02,
0x4E,0x19,0x6E,0x18,0x70,0x08,0x9E,0xE1,0x40,0xC0,
0xF0,0x30,0x02,0x43,0x81,0x96,0x38,0x18,0x93,0x87,
0x83,0x80,0x0C,0x70,0x02,0xC3,0x81,0x07,0x00,0x38,
0xF1,0xCE,0x0E,0xE0,0x6E,0x07,0xF0,0x3F,0x01,0xFC,
0x0E,0xF0,0x73,0x83,0x1E,0x38,0x70,0x06,0x70,0x01,
0x43,0xD9,0xC3,0x2D,0xC3,0x0E,0x00,0x11,0x58,0x04,
0x87,0x71,0xE1,0xFE,0xFC,0x7B,0xEF,0x1C,0x71,0xCE,
0x18,0x73,0x8E,0x1C,0xE3,0x86,0x87,0x1C,0x71,0x87,
0x1C,0xE1,0x87,0x00,0x0B,0x58,0x03,0x07,0x78,0x7F,
0xC7,0x9C,0x71,0xE9,0xC3,0x9C,0x31,0x87,0x38,0x70,
0x0A,0x59,0x03,0x03,0xE0,0xFE,0x3C,0xF5,0xC3,0xB8,
0xF7,0x3C,0x7F,0x07,0xC0,0x0C,0x78,0xE3,0x07,0x78,
0x3F,0xE1,0xE7,0x0E,0x1C,0xE0,0xE7,0x06,0x87,0x0E,
0x3C,0xE1,0xBF,0x1C,0xE1,0x5C,0x00,0x0B,0x79,0xE3,
0x03,0xDC,0x7D,0xCF,0x3E,0xB8,0x73,0x8F,0x39,0xF3,
0xF6,0x1E,0xE5,0x01,0xC0,0x08,0x58,0x02,0x07,0x63,
0xF1,0xE0,0xE2,0xDC,0x0C,0x0E,0x00,0x0A,0x58,0x02,
0xC1,0xF0,0xFF,0x1C,0xE7,0x00,0xF8,0x0F,0xE0,0x3E,
0x21,0xDE,0x79,0xFE,0x1F,0x00,0x06,0x71,0x01,0xE0,
0xE1,0x91,0xFD,0x39,0x3C,0x3E,0x3C,0x0B,0x59,0x03,
0x21,0xC3,0x9C,0x31,0x87,0x4F,0x0E,0x71,0xE7,0xBC,
0x7E,0xC3,0xDC,0x0B,0x59,0x03,0x1C,0x1D,0xC3,0x8C,
0x3A,0x1C,0xE1,0xCC,0x1D,0xC0,0xD8,0x0F,0x84,0x1E,
0x00,0x10,0x59,0x04,0x5C,0x30,0xEE,0x3C,0x67,0x1E,
0x71,0x9F,0x38,0xCD,0xB8,0x76,0xDC,0x3E,0x6C,0x1F,
0x3E,0x0F,0x9E,0x07,0x8F,0x03,0xC7,0x00,0x0C,0x58,
0x02,0xCF,0x1E,0x39,0xC0,0xCE,0x07,0xE0,0x3E,0x00,
0xE0,0x0F,0x80,0xEC,0x21,0xCE,0x1C,0x38,0x0C,0x78,
0xE3,0x0E,0x0E,0x70,0xE1,0xC7,0x41,0xCE,0x0E,0x60,
0x37,0x01,0xB0,0x0F,0x84,0x0F,0x04,0x0E,0x03,0xE0,
0x1E,0x00,0x0B,0x58,0x02,0xC7,0xFC,0x7F,0x80,0x38,
0x07,0x00,0xE0,0x1C,0x03,0x80,0x78,0x0F,0x02,0x3F,
0xE0,0x09,0x91,0xE2,0x40,0x70,0x7C,0x1C,0x06,0x24,
0x70,0x38,0x1C,0x0F,0x05,0x1C,0x06,0x01,0xC2,0x0F,
0x00,0x06,0xC1,0xD9,0xE8,0x78,0x1A,0x8E,0x83,0x2D,
0xC8,0x62,0xB8,0x60,0x08,0x90,0xE2,0x60,0xF0,0x3D,
0x01,0xD0,0x18,0x0E,0x07,0x81,0xE0,0x70,0x31,0x27,
0x0F,0x07,0x00,0x0B,0x21,0x23,0x47,0x8C,0xFD,0xCC,
0xF9,0xC7,0x00,
};
/* font data size: 1793 bytes */

static const unsigned char Inter_14_Bold_Italic_index[] = {
0x00,0x00,0x10,0x06,0x81,0x40,0x4A,0x11,0x43,0x28,
0x7F,0x10,0x82,0x50,0x51,0x0A,0xE1,0x76,0x30,0x86,
0x38,0xCC,0x1C,0xA3,0xF4,0x85,0x92,0x52,0x76,0x54,
0xCB,0x41,0x81,0x33,0x26,0xBC,0xE4,0x1C,0xF3,0xB6,
0x7B,0xCF,0xCA,0x0D,0x44,0x09,0x39,0x32,0xA7,0xA5,
0x24,0xAA,0x55,0xD2,0xCA,0x5C,0x4B,0xD1,0x7E,0x30,
0xF6,0x5A,0xCE,0x1A,0xEB,0x78,0x72,0x6E,0xA9,0xE4,
0x3E,0x17,0xF7,0x02,0xE0,0xFC,0x35,0x8A,0xF1,0xDE,
0x46,0xCA,0x69,0x69,0x2F,0x26,0x54,0xD4,0x9B,0x33,
0x7E,0x77,0x50,0x6A,0x2D,0x4A,0xE9,0xF5,0x50,0xAD,
0x15,0xEE,0xC3,0xD9,0x8B,0x63,0x6E,0xEE,0xB5,0xE6,
0xBE,0xB8,0x2F,0x0E,0xE2,0x9C,0x79,0x91,0xF2,0xBE,
0x69,0xD0,0x9A,0x63,0x58,0x6C,0x3D,0xAF,0xB9,0x37,
0xB8,
};
/* font index size: 131 bytes */

const ILI9341_t3_font_t Inter_14_Bold_Italic = {
	Inter_14_Bold_Italic_index,
	0,
	Inter_14_Bold_Italic_data,
	1,
	0,
	32,
	126,
	0,
	0,
	11,
	5,
	5,
	3,
	5,
	5,
	22,
	14
};




// ---- 20 px ----
static const unsigned char Inter_20_Bold_Italic_data[] = {
0x00,0x00,0x00,0x38,0x08,0x50,0x40,0x4C,0x0F,0xD8,
0xF5,0x9E,0x0E,0x20,0x00,0xE0,0x78,0x8F,0x83,0x80,
0x0B,0x21,0x0C,0x79,0xE7,0x9C,0x71,0xCF,0x47,0x9E,
0x79,0xC8,0xE3,0x80,0x11,0x50,0x40,0x95,0x03,0x87,
0x01,0xC3,0xC9,0x7F,0xFF,0x83,0x87,0x01,0xE1,0xC4,
0x0E,0x1C,0x23,0xFF,0xFC,0xFF,0xFE,0x0E,0x1E,0x12,
0x70,0xE0,0x3C,0x38,0x00,0x11,0x64,0x7E,0x90,0x00,
0xC1,0x00,0x04,0x00,0x1F,0xE0,0x0F,0xFC,0x0F,0xFF,
0x83,0xEF,0xF1,0xF2,0x3C,0x78,0x8F,0x1E,0x60,0x07,
0xD8,0x01,0xFF,0x00,0x3F,0xF0,0x07,0xFF,0x00,0x1F,
0xC8,0x01,0x9F,0x3C,0x67,0xCF,0x19,0xE3,0xF5,0xF8,
0x7F,0xFC,0x0F,0xFE,0x01,0xFE,0x04,0x01,0x80,0x00,
0x15,0x51,0x00,0xE0,0x78,0x01,0xC7,0xF0,0x0E,0x1C,
0xE0,0x70,0xE3,0x81,0x83,0x8E,0x0E,0x0E,0x30,0x70,
0x39,0xC3,0x80,0xFE,0x1C,0x01,0xF0,0xE0,0x00,0x07,
0x00,0x00,0x18,0x7C,0x00,0xE3,0xF8,0x07,0x1C,0xE0,
0x38,0x73,0x81,0xC3,0x8E,0x0E,0x0E,0x38,0x70,0x38,
0xE1,0x80,0xE7,0x0E,0x01,0xFC,0xF0,0x03,0xC0,0x11,
0x50,0x40,0x98,0x07,0xC0,0x07,0xF8,0x03,0xFF,0x01,
0xF3,0xC0,0x78,0x70,0x1C,0x3C,0x07,0x9E,0x00,0xEF,
0x00,0x3F,0x80,0x0F,0xC0,0x0F,0xF1,0xE7,0xFC,0x73,
0xE7,0xBC,0xF1,0xFF,0x3C,0x3F,0x8F,0x07,0xE3,0xE3,
0xF0,0xFF,0xFE,0x1F,0xFF,0x81,0xF8,0xF0,0x05,0x21,
0x0C,0x49,0xF0,0xE9,0xF4,0x70,0x0A,0x64,0xBC,0x50,
0x0F,0x80,0x78,0x1E,0x07,0xC8,0x1E,0x20,0xF0,0x3E,
0x12,0xF0,0x3E,0x0C,0xF0,0x1F,0x04,0xBC,0x03,0xC0,
0x0A,0x67,0xFC,0x54,0x07,0x98,0x0F,0x01,0xFD,0x07,
0xA0,0x3C,0x0F,0x90,0x3C,0x0F,0x03,0xE0,0x78,0x1E,
0x00,0x0C,0x2C,0xC9,0x84,0x03,0x80,0x9D,0x8F,0xDE,
0x3F,0xC0,0x78,0x0F,0xF1,0xFF,0xC4,0xEC,0x80,0xC0,
0x0F,0x34,0x82,0x9C,0x00,0xE0,0x90,0x3C,0x07,0xFF,
0xE7,0xFF,0xCF,0xFF,0xD2,0x0F,0x02,0x01,0xC0,0x00,
0x07,0x23,0xFB,0x48,0x78,0x70,0xF4,0x1C,0x87,0x0F,
0x00,0x0A,0x0C,0x87,0x6B,0xFF,0x8F,0xF8,0x05,0x14,
0x40,0x49,0xC7,0xC7,0xCE,0x0E,0x63,0xFD,0x58,0x00,
0xF0,0x01,0xC0,0x07,0x80,0x0E,0x00,0x3C,0x00,0x71,
0x00,0x3C,0x00,0x70,0x01,0xE0,0x03,0x80,0x0F,0x00,
0x1C,0x00,0x78,0x00,0xE0,0x20,0x78,0x00,0xE0,0x03,
0xC0,0x07,0x00,0x1E,0x00,0x38,0x00,0xF0,0x01,0xC0,
0x00,0x11,0x50,0x40,0x98,0x07,0xE0,0x07,0xFE,0x03,
0xFF,0xC1,0xF1,0xF0,0x78,0x3F,0x07,0x80,0xFA,0x78,
0x07,0xBE,0x03,0xF1,0xF0,0x1E,0x7C,0x0F,0x0F,0x07,
0xC3,0xE3,0xE0,0x7F,0xF0,0x1F,0xF8,0x01,0xF8,0x00,
0x0A,0x50,0x80,0x60,0x1F,0x0F,0xE3,0xFC,0xFF,0x9D,
0xF7,0x3C,0x87,0xA4,0x1E,0x07,0xD6,0x1E,0x07,0xC9,
0x1E,0x00,0x11,0x50,0x00,0x90,0x07,0xF0,0x07,0xFE,
0x03,0xFF,0xC0,0xF8,0xFC,0x0F,0x03,0xC0,0x00,0xF0,
0x00,0x78,0x00,0x3E,0x00,0x1F,0x00,0x0F,0x80,0x07,
0xC0,0x03,0xE0,0x03,0xF0,0x01,0xF8,0x00,0xFC,0x00,
0x7C,0x00,0x87,0xFF,0xE3,0xFF,0xF8,0x10,0x50,0x40,
0x90,0x07,0xE0,0x0F,0xFC,0x1F,0xFF,0x0F,0x8F,0x8F,
0x03,0xE0,0x00,0x3C,0x00,0x7C,0x03,0xFC,0x01,0xF8,
0x00,0xFF,0x00,0x07,0xD0,0x00,0x3C,0xF0,0x1E,0x78,
0x1F,0x3F,0x1F,0x0F,0xFF,0x83,0xFF,0x00,0xFE,0x00,
0x10,0x50,0x40,0x9C,0x00,0x1F,0x80,0x1F,0xC0,0x1F,
0xE0,0x1F,0xE8,0x03,0xDE,0x03,0xCF,0x03,0xC7,0x83,
0xC3,0xC3,0xC3,0xC3,0xE1,0xE1,0xE0,0xF2,0x7F,0xFF,
0xE8,0x01,0xE0,0x10,0x50,0x40,0x88,0x3F,0xFE,0x07,
0xFF,0xC3,0xC0,0x01,0xC0,0x08,0x3C,0x00,0x1E,0xF8,
0x0F,0xFF,0x0F,0xFF,0x87,0xC3,0xE9,0x00,0x1E,0x78,
0x0F,0x3C,0x0F,0x1F,0x1F,0x87,0xFF,0x83,0xFF,0x00,
0x7E,0x00,0x11,0x50,0x40,0x90,0x07,0xE0,0x07,0xFE,
0x03,0xFF,0xC1,0xF0,0xF0,0x78,0x3E,0x3C,0x07,0x8F,
0x00,0x07,0x9F,0x81,0xEF,0xF0,0x7F,0xFE,0x1F,0x87,
0xCF,0xC1,0xF4,0x7C,0x07,0x9F,0x03,0xC3,0xC1,0xF0,
0xF8,0xF8,0x1F,0xFC,0x07,0xFE,0x00,0x7E,0x00,0x10,
0x50,0x40,0x84,0x9F,0xFF,0x80,0x07,0xC0,0x07,0xC0,
0x03,0xC0,0x03,0xE0,0x03,0xE0,0x01,0xE0,0x01,0xF0,
0x01,0xF0,0x00,0xF0,0x00,0xF8,0x00,0xF8,0x00,0x78,
0x00,0x7C,0x00,0x7C,0x00,0x3C,0x00,0x3C,0x00,0x3E,
0x00,0x00,0x10,0x50,0x40,0x90,0x07,0xE0,0x0F,0xFC,
0x0F,0xFF,0x0F,0x8F,0x8F,0x83,0xE0,0xF0,0x3C,0x3C,
0x3C,0x1F,0xFC,0x03,0xF8,0x07,0xFF,0x0F,0x87,0xC7,
0x81,0xE7,0x80,0xFB,0xC0,0x79,0xE0,0x7C,0xF8,0x7E,
0x3F,0xFE,0x0F,0xFE,0x01,0xFC,0x00,0x11,0x50,0x40,
0x90,0x07,0xE0,0x07,0xFC,0x07,0xFF,0x81,0xF1,0xF4,
0x1E,0x07,0x8F,0x01,0xF3,0xC0,0x78,0xF8,0x3E,0x3F,
0x1F,0x87,0xFF,0xE1,0xFF,0x78,0x1F,0x1E,0x00,0x0F,
0x1E,0x03,0xC7,0x81,0xE1,0xF1,0xF8,0x3F,0xFC,0x07,
0xFE,0x00,0x7E,0x00,0x07,0x3C,0x40,0x48,0x74,0x1F,
0x1E,0x0E,0xB0,0x07,0x07,0x91,0xF0,0xE0,0x09,0x53,
0xFB,0x50,0x1C,0x07,0xC0,0x7C,0x0E,0xD0,0x00,0x78,
0x1C,0x0F,0x10,0x70,0x87,0x03,0xC0,0x0F,0x40,0x80,
0x98,0x00,0x08,0x00,0x38,0x00,0xF8,0x07,0xF8,0x1F,
0xF0,0xFF,0x81,0xFC,0x04,0x7E,0x00,0x7F,0x80,0x1F,
0xE0,0x07,0xFE,0x01,0xFC,0x00,0x7C,0x00,0x1C,0x00,
0x04,0x0F,0x28,0x83,0x9C,0xBF,0xFF,0xA0,0x00,0x13,
0xFF,0xF8,0x0F,0x40,0x80,0x98,0x80,0x00,0xE0,0x00,
0xF8,0x00,0xFE,0x00,0x7F,0x80,0x1F,0xE0,0x07,0xFC,
0x00,0x3F,0x01,0xFE,0x07,0xF8,0x3F,0xE0,0x7F,0x00,
0x7C,0x00,0x70,0x00,0x40,0x00,0x0E,0x50,0x80,0x80,
0x3F,0x00,0xFF,0x83,0xFF,0x8F,0x9F,0x1E,0x1F,0x78,
0x3C,0x00,0x78,0x01,0xF0,0x0F,0xC0,0x3F,0x00,0xF8,
0x01,0xE0,0x40,0xF0,0x10,0x00,0x00,0x70,0x01,0xF0,
0x10,0x78,0x00,0x1A,0x68,0x7A,0xE0,0x00,0x7F,0x80,
0x00,0x7F,0xFE,0x00,0x3F,0xFF,0xE0,0x0F,0xE0,0x7E,
0x03,0xE0,0x03,0xE0,0xF8,0x00,0x3C,0x1E,0x00,0x03,
0xC7,0x83,0xEE,0x38,0xE1,0xFF,0xC7,0x3C,0x7F,0xF8,
0xE7,0x0F,0x1F,0x1C,0xE3,0x81,0xC3,0xBC,0x70,0x38,
0x77,0x8E,0x07,0x1E,0xE3,0xC0,0xE3,0x9C,0x78,0x3C,
0x73,0x87,0x07,0x9E,0x78,0xFF,0xFF,0x8F,0x0F,0xEF,
0xE1,0xE0,0xF8,0xF8,0x1E,0x00,0x00,0x03,0xE0,0x00,
0x00,0x3F,0x81,0xC0,0x03,0xFF,0xF8,0x00,0x1F,0xFF,
0x00,0x00,0xFF,0x80,0x00,0x14,0x53,0xC0,0xAC,0x00,
0x1F,0x84,0x00,0x3F,0xC4,0x00,0x7B,0xC0,0x07,0xDE,
0x00,0x3C,0xF0,0x03,0xE3,0xC0,0x1E,0x1E,0x01,0xF0,
0xF0,0x0F,0x07,0x80,0xFF,0xFC,0x07,0xFF,0xF0,0x7F,
0xFF,0x83,0xC0,0x3C,0x3E,0x01,0xE1,0xE0,0x0F,0x1F,
0x00,0x7D,0xF0,0x03,0xE0,0x11,0x50,0x40,0x90,0x7F,
0xF0,0x1F,0xFF,0x0F,0xFF,0xD2,0x78,0x1F,0x1E,0x07,
0x87,0x83,0xC8,0x7F,0xFC,0x1F,0xFF,0x87,0x81,0xF4,
0x3C,0x07,0x9F,0x01,0xE7,0xC0,0xF9,0xE0,0x7C,0x7F,
0xFF,0x1F,0xFF,0x87,0xFF,0x80,0x12,0x50,0x80,0xA8,
0x07,0xF0,0x03,0xFF,0x80,0xFF,0xF8,0x3E,0x1F,0x8F,
0x81,0xF3,0xE0,0x1E,0x78,0x03,0xDF,0x00,0x05,0xF8,
0x00,0x0F,0x00,0x79,0xE0,0x1F,0x3E,0x03,0xC3,0xE1,
0xF0,0x7F,0xFC,0x07,0xFF,0x00,0x3F,0x80,0x12,0x50,
0x40,0xA0,0x7F,0xE0,0x0F,0xFF,0x03,0xFF,0xF8,0x78,
0x1F,0x0F,0x01,0xF9,0x3C,0x03,0xCF,0x80,0x7C,0xBC,
0x01,0xE7,0x80,0x7C,0xF0,0x0F,0x3E,0x03,0xE7,0xC0,
0xF8,0xF0,0x3E,0x1F,0xFF,0x83,0xFF,0xE0,0x7F,0xF0,
0x00,0x10,0x50,0x40,0x8C,0x0F,0xFF,0x8F,0xFF,0xEC,
0xF0,0x00,0xF8,0x01,0x2F,0xFF,0x90,0xF0,0x01,0x1F,
0x00,0x0F,0x00,0x07,0xFF,0xE4,0x7F,0xFC,0x00,0x10,
0x50,0x40,0x84,0x0F,0xFF,0x8F,0xFF,0xEC,0xF0,0x00,
0xF8,0x01,0x0F,0xFF,0x87,0xFF,0x88,0x78,0x00,0x7C,
0x00,0x5F,0x80,0x00,0x12,0x50,0x80,0xA8,0x07,0xF0,
0x03,0xFF,0x80,0xFF,0xF8,0x3E,0x1F,0x8F,0x81,0xF3,
0xE0,0x1E,0x78,0x00,0x1F,0x00,0x03,0xC0,0x00,0x78,
0x1F,0xF1,0xE0,0xFF,0xCF,0x80,0x3C,0xF8,0x0F,0x0F,
0x87,0xE1,0xFF,0xF8,0x1F,0xFC,0x00,0xFE,0x00,0x14,
0x50,0x40,0xAC,0x0F,0x00,0x78,0xF8,0x07,0xEC,0xF0,
0x07,0x8F,0xFF,0xFD,0x0F,0xFF,0xF9,0x2F,0x00,0x78,
0xF8,0x07,0xCB,0xF0,0x07,0x80,0x07,0x50,0x40,0x44,
0x0F,0x1F,0xB3,0xC7,0xD6,0xF1,0xF2,0xFC,0x00,0x10,
0x50,0x40,0x80,0x00,0x7E,0x80,0x07,0x80,0x07,0xD6,
0x00,0x78,0x00,0x7C,0x00,0x3C,0x47,0x83,0xC3,0xC3,
0xE1,0xF3,0xE0,0xFF,0xF0,0x3F,0xF0,0x0F,0xE0,0x00,
0x14,0x50,0x40,0xA0,0x78,0x0F,0xC3,0xC0,0xFC,0x3E,
0x0F,0xC1,0xF0,0xFC,0x0F,0x0F,0xC0,0x78,0xFC,0x03,
0xCF,0xC0,0x1E,0xF8,0x01,0xFF,0x80,0x21,0xFF,0xC0,
0x0F,0xFF,0x00,0x7E,0x78,0x03,0xE3,0xE0,0x3E,0x0F,
0x01,0xF0,0x7C,0x0F,0x01,0xE0,0x78,0x0F,0x83,0xC0,
0x3C,0x1E,0x01,0xF0,0x0D,0x50,0x40,0x84,0x0F,0x02,
0x0F,0x81,0x47,0x80,0x87,0xC0,0x53,0xC0,0x23,0xE0,
0x0F,0x00,0x4F,0xFF,0xC0,0x19,0x50,0x40,0xD0,0x7E,
0x00,0x7E,0x1F,0xC0,0x3F,0xC1,0xFE,0x03,0xFE,0x0F,
0xF0,0x3F,0xC3,0xDC,0x1E,0xF0,0xF7,0x87,0xBC,0x7D,
0xE3,0xCF,0x1E,0x78,0xF7,0xD0,0xF3,0xCF,0x3C,0x3C,
0xF3,0x8F,0x0F,0x1D,0xE3,0xC7,0xC7,0x70,0xF1,0xE1,
0xFC,0x7C,0x8F,0x0F,0xC3,0xC4,0x78,0x3C,0x1E,0x00,
0x14,0x50,0x40,0xAC,0x0F,0x80,0x7C,0x1F,0xC0,0x7C,
0x1F,0xE0,0xF8,0xFF,0x87,0x87,0xBC,0x3C,0x7D,0xE1,
0xE3,0xE7,0x8F,0x1E,0x3C,0xF8,0xF1,0xF7,0xD0,0xF0,
0xF7,0x91,0xF0,0x7F,0x91,0xE0,0x3F,0x91,0xE0,0x1F,
0x00,0x13,0x50,0x80,0xA8,0x07,0xF0,0x01,0xFF,0xC0,
0x3F,0xFE,0x07,0xE3,0xF0,0xF8,0x0F,0x1F,0x00,0xF1,
0xE0,0x0F,0xBE,0x00,0x7B,0xC0,0x07,0xBC,0x00,0xFC,
0xF8,0x01,0xE7,0x80,0x3E,0x78,0x07,0xC7,0xC0,0xF8,
0x3E,0x1F,0x83,0xFF,0xF0,0x1F,0xFC,0x00,0x7F,0x00,
0x11,0x50,0x40,0x90,0x7F,0xF0,0x1F,0xFE,0x0F,0xFF,
0xC3,0xC1,0xF8,0xF0,0x3F,0x07,0x80,0xF1,0xE0,0x7C,
0xF8,0x1E,0x3C,0x0F,0x8F,0xFF,0xC3,0xFF,0xE0,0xFF,
0xE0,0x3C,0x00,0x1F,0x00,0x0B,0xF0,0x00,0x00,0x13,
0x54,0xBF,0xA8,0x07,0xF0,0x01,0xFF,0xC0,0x3F,0xFE,
0x07,0xE3,0xF0,0xF8,0x0F,0x1F,0x00,0xF1,0xE0,0x0F,
0xBE,0x00,0x7B,0xC0,0x07,0xBC,0x00,0xFC,0xF8,0x01,
0xE7,0x8F,0x3E,0x78,0x77,0xC7,0xC3,0xF8,0x3E,0x3F,
0x83,0xFF,0xF0,0x1F,0xFE,0x00,0x7F,0xF0,0x00,0x07,
0x80,0x11,0x50,0x40,0x90,0x7F,0xF0,0x1F,0xFF,0x0F,
0xFF,0xC3,0xC1,0xF8,0xF0,0x3F,0x07,0x80,0xF1,0xE0,
0x7C,0xF8,0x1E,0x3E,0x0F,0x8F,0xFF,0xC3,0xFF,0xE0,
0xFF,0xE0,0x3C,0x7C,0x1F,0x0F,0x08,0xF0,0x7C,0x3C,
0x0F,0x0F,0x03,0xE3,0xC0,0x78,0x11,0x50,0x40,0x90,
0x07,0xE0,0x07,0xFE,0x03,0xFF,0xC1,0xF0,0xFC,0x1E,
0x03,0xC7,0x80,0x01,0xF8,0x00,0x7F,0xC0,0x0F,0xFE,
0x01,0xFF,0xC0,0x0F,0xF8,0x00,0x7E,0x00,0x0F,0x9E,
0x01,0xE7,0x80,0xF1,0xF0,0x7C,0x3F,0xFE,0x07,0xFF,
0x00,0x7F,0x00,0x11,0x50,0xC0,0x9B,0xFF,0xFF,0x1F,
0xFF,0xE0,0x1E,0x02,0x01,0xF0,0x16,0x0F,0x00,0x07,
0xC0,0x2C,0x3C,0x00,0x1F,0x00,0x40,0xF0,0x00,0x13,
0x50,0x80,0xA0,0xF0,0x0F,0x8F,0x00,0xF1,0xF0,0x0F,
0x4B,0xC0,0x1E,0x3C,0x03,0xE3,0xC0,0x3C,0x8F,0x80,
0x79,0x1E,0x00,0xF2,0x7C,0x03,0xC3,0xC0,0x7C,0x3E,
0x1F,0x81,0xFF,0xF0,0x0F,0xFE,0x00,0x3F,0x00,0x00,
0x13,0x50,0xC0,0xAB,0xC0,0x0F,0xBE,0x00,0xF3,0xE0,
0x1F,0x3E,0x01,0xE1,0xE0,0x3E,0x1E,0x03,0xC1,0xE0,
0x7C,0x1F,0x07,0x81,0xF0,0xF8,0x0F,0x0F,0x00,0xF1,
0xF0,0x41,0xE3,0xC0,0x1E,0x78,0x01,0xF7,0x80,0x81,
0xFE,0x01,0x03,0xF8,0x00,0x3F,0x00,0x00,0x1B,0x50,
0xC0,0xEB,0xC0,0x7C,0x07,0xBC,0x07,0xC0,0xFB,0xC0,
0xFC,0x0F,0x3E,0x0F,0xC1,0xF3,0xE1,0xFC,0x1E,0x3E,
0x1F,0xC3,0xE3,0xE1,0xDC,0x3C,0x1E,0x3D,0xC3,0xC1,
0xE3,0x9C,0x7C,0x1E,0x79,0xC7,0x81,0xE7,0x9E,0xF8,
0x1E,0x71,0xEF,0x01,0xEF,0x1E,0xF0,0x43,0xDC,0x3F,
0xC0,0x3F,0xC3,0xF8,0x03,0xF8,0x3F,0x80,0x1F,0x83,
0xF8,0x08,0x3E,0x03,0xE0,0x00,0x16,0x53,0xC0,0xA8,
0x3E,0x01,0xF0,0x3E,0x07,0xC0,0x3C,0x1F,0x00,0x7C,
0x3C,0x00,0x78,0xF8,0x00,0xFB,0xE0,0x00,0xFF,0x80,
0x01,0xFE,0x00,0x01,0xF8,0x00,0x03,0xE0,0x00,0x07,
0xE0,0x00,0x1F,0xC0,0x00,0x7F,0xC0,0x01,0xF7,0x80,
0x07,0xCF,0x80,0x1F,0x1F,0x00,0x3C,0x1F,0x00,0xF8,
0x3E,0x03,0xE0,0x3E,0x1F,0x80,0x7E,0x00,0x13,0x50,
0xC0,0xA3,0xE0,0x1F,0xBE,0x01,0xF1,0xE0,0x3E,0x1F,
0x07,0xC0,0xF0,0x78,0x0F,0x0F,0x80,0x79,0xF0,0x07,
0x9E,0x00,0x7B,0xC0,0x03,0xFC,0x00,0x3F,0x80,0x01,
0xF0,0x05,0x03,0xC0,0x00,0x7C,0x00,0x90,0xF0,0x00,
0x13,0x50,0x00,0x90,0x3F,0xFF,0xC0,0xFF,0xFF,0x00,
0x03,0xE0,0x00,0x7C,0x00,0x0F,0x80,0x01,0xF0,0x00,
0x3E,0x00,0x03,0xC0,0x00,0x7C,0x00,0x0F,0x80,0x01,
0xF0,0x00,0x3E,0x00,0x07,0xC0,0x00,0xF8,0x00,0x1F,
0x00,0x01,0xE0,0x00,0x87,0xFF,0xF0,0xFF,0xFF,0x00,
0x0A,0x64,0x7C,0x50,0x3F,0x81,0xFE,0x87,0x8C,0x3C,
0x31,0xE0,0x9F,0x01,0xFC,0x47,0xE0,0x06,0x60,0xFD,
0x5D,0x71,0x5E,0x63,0x94,0xF5,0x9C,0x3C,0x0B,0x67,
0xFC,0x50,0x1F,0xC0,0x7F,0x80,0x1F,0x80,0x7B,0x01,
0xE5,0x87,0x83,0xF8,0x3F,0x07,0xF0,0x0B,0x20,0x8B,
0x70,0x1E,0x03,0xE0,0x7E,0x07,0x70,0xE7,0x1C,0x71,
0xC3,0xB8,0x38,0x0E,0x0F,0xBD,0x69,0xFF,0xF8,0xFF,
0xFC,0x05,0x11,0x11,0x53,0xC7,0xC1,0xC0,0x10,0x3C,
0x40,0x90,0x1F,0x3C,0x3F,0xDE,0x3F,0xEF,0x1F,0x1F,
0x1F,0x07,0x8F,0x03,0xCF,0x81,0xE8,0xF0,0x1E,0x78,
0x1E,0x3E,0x0F,0x1F,0x1F,0x87,0xFF,0xC3,0xFD,0xE0,
0x78,0xF0,0x11,0x50,0x00,0x94,0x07,0x80,0x24,0x78,
0x00,0x1E,0x7C,0x07,0xBF,0x81,0xFF,0xF0,0xFC,0x7C,
0x3E,0x0F,0x41,0xE0,0x7E,0x0F,0x03,0xC7,0xC0,0xF1,
0xF0,0x7C,0x7E,0x3E,0x1F,0xFF,0x07,0xBF,0x83,0xE7,
0xC0,0x0F,0x3C,0x40,0x80,0x1F,0xC0,0x3F,0xE0,0xFF,
0xF0,0xF8,0xF1,0xF0,0x79,0xE0,0x44,0xF8,0x00,0x78,
0x10,0x78,0x3E,0x7C,0x7C,0x3F,0xF8,0x1F,0xF0,0x0F,
0xC0,0x11,0x50,0x40,0x94,0x00,0x03,0xE4,0x00,0x3C,
0x07,0xCF,0x07,0xFB,0xC3,0xFE,0xF1,0xF8,0xF8,0x7C,
0x1E,0x1E,0x07,0x8F,0x81,0xE4,0x78,0x0F,0x1E,0x07,
0x87,0x83,0xE1,0xF1,0xF8,0x3F,0xFE,0x0F,0xF7,0x80,
0xF9,0xE0,0x0E,0x3C,0x40,0x80,0x0F,0xC0,0x7F,0xC1,
0xFF,0xC7,0xC7,0xC3,0xC1,0xEF,0xFF,0x9F,0xFC,0x47,
0x80,0x0F,0x03,0xDF,0x0F,0x1F,0xFE,0x1F,0xF0,0x1F,
0xC0,0x10,0x6F,0x7A,0x58,0x00,0x10,0x00,0x7E,0x00,
0x7F,0x00,0x7F,0x00,0x3C,0x00,0x3E,0x00,0xFF,0xE8,
0x0F,0xFC,0x80,0x1E,0x00,0x1F,0x05,0x81,0xE0,0x01,
0xF0,0x2C,0x1E,0x00,0x1E,0x00,0x7F,0x00,0x3F,0x00,
0x3E,0x00,0x00,0x11,0x54,0x3A,0x90,0x0F,0x9E,0x0F,
0xF7,0x87,0xFD,0xE1,0xF1,0xF8,0xF8,0x3C,0x3C,0x0F,
0x1F,0x03,0xD0,0xF0,0x1E,0x3C,0x0F,0x8F,0x07,0xC3,
0xE3,0xF0,0x7F,0xFC,0x1F,0xEF,0x01,0xF3,0xC0,0x01,
0xE0,0x20,0x78,0x7C,0x7E,0x0F,0xFF,0x03,0xFF,0x80,
0x3F,0x80,0x10,0x50,0x00,0x8C,0x07,0x80,0x48,0xF0,
0x00,0x79,0xF0,0x3D,0xFC,0x1F,0xFF,0x1F,0x8F,0x8F,
0x83,0xE0,0xF0,0x3C,0x78,0x3E,0x3C,0x1E,0xA7,0x81,
0xE3,0xC1,0xF3,0xE0,0xF0,0x08,0x54,0x00,0x40,0x38,
0x1E,0x1F,0x07,0x40,0x04,0x8F,0x61,0xE5,0xBC,0x3E,
0x00,0x0B,0x6F,0x7A,0x40,0x07,0x00,0x78,0x0F,0x80,
0x74,0x00,0x09,0x03,0xD8,0x0F,0x01,0xF2,0xC3,0xC0,
0x7C,0x40,0xF0,0x3F,0x07,0xE0,0x78,0x00,0x11,0x50,
0x00,0x84,0x07,0x80,0x24,0x78,0x00,0x1E,0x0F,0x87,
0x87,0x81,0xE3,0xC0,0xF9,0xE0,0x3C,0xF0,0x0F,0x78,
0x03,0xFC,0x04,0x1F,0xF0,0x0F,0xBE,0x03,0xC7,0x80,
0xF1,0xF0,0x3C,0x3C,0x0F,0x0F,0x87,0xC1,0xF0,0x08,
0x50,0x00,0x44,0x07,0xE0,0xF6,0x1E,0x5B,0xC3,0xE0,
0x18,0x3C,0x00,0xC8,0x79,0xE1,0xF0,0x3F,0xF9,0xFC,
0x1D,0xFD,0xFF,0x1F,0x9F,0xCF,0x8F,0x87,0xC3,0xE4,
0xF0,0x78,0x3C,0x78,0x38,0x3D,0x6F,0x07,0x83,0xCF,
0x87,0x83,0xC0,0x10,0x3C,0x00,0x88,0x79,0xF0,0x3F,
0xFC,0x1D,0xFF,0x1F,0x8F,0x8F,0x83,0xE0,0xF0,0x3C,
0x78,0x3E,0x3C,0x1E,0xA7,0x81,0xE3,0xC1,0xF3,0xE0,
0xF0,0x0F,0x3C,0x40,0x88,0x0F,0xC0,0x3F,0xE0,0xFF,
0xF0,0xF8,0xF9,0xF0,0x79,0xE0,0x7C,0x78,0x0F,0x78,
0x1F,0x78,0x1E,0x78,0x3E,0x7C,0x7C,0x3F,0xFC,0x1F,
0xF0,0x0F,0xC0,0x11,0x54,0x3A,0x90,0x79,0xF0,0x1E,
0xFE,0x07,0xFF,0xC3,0xF1,0xF0,0xF8,0x3D,0x07,0x81,
0xF8,0x3C,0x0F,0x1F,0x03,0xC7,0xC1,0xF1,0xF8,0xF8,
0x7F,0xFC,0x1E,0xFE,0x07,0x9F,0x06,0x78,0x00,0x00,
0x10,0x54,0x7A,0x90,0x1F,0x3C,0x3F,0xDE,0x3F,0xEF,
0x3F,0x1F,0x1F,0x07,0x8F,0x03,0xCF,0x81,0xE8,0xF0,
0x1E,0x78,0x1E,0x3C,0x1F,0x1F,0x1F,0x87,0xFF,0xC3,
0xFD,0xE0,0x7C,0xF3,0x00,0x1E,0x00,0x0C,0x3C,0x00,
0x58,0x79,0xE0,0x7F,0xC7,0xE2,0x3E,0x0A,0x3C,0x0B,
0x78,0x07,0xC0,0x00,0x0F,0x3C,0x00,0x80,0x0F,0xC0,
0x3F,0xE0,0x7F,0xF0,0xF8,0xF8,0xF0,0x60,0xF0,0x00,
0xFF,0x00,0x7F,0xE0,0x1F,0xF0,0x01,0xF3,0xC0,0xF1,
0xE1,0xF1,0xFF,0xE0,0xFF,0xC0,0x7F,0x00,0x0A,0x4C,
0x40,0x55,0x0F,0x0F,0xFE,0x3F,0xEA,0x3C,0x2D,0xE0,
0x87,0xE0,0x7C,0x00,0x10,0x3C,0x40,0x88,0xF0,0x3C,
0x78,0x3E,0x3C,0x1E,0xA7,0x81,0xE3,0xC1,0xF1,0xE0,
0xF2,0x3E,0x0F,0x1F,0x1F,0x87,0xFF,0xC3,0xFD,0xE0,
0xF9,0xE0,0x10,0x3C,0x80,0x8B,0xC0,0x7D,0xE0,0x7C,
0xF0,0x3C,0x78,0x3E,0x1E,0x1E,0x0F,0x1F,0x07,0x8F,
0x08,0x79,0xE0,0x83,0xBC,0x01,0xDC,0x00,0xFE,0x00,
0x7E,0x00,0x1F,0x00,0x16,0x3C,0x80,0xC4,0x78,0x3C,
0x1F,0x1E,0x1F,0x0F,0x47,0x8F,0xC7,0x87,0x3F,0x9E,
0x0E,0x77,0xBC,0x1E,0xEF,0x70,0x87,0xF1,0xFC,0x21,
0xF8,0x7E,0x03,0xE0,0xF8,0x03,0xC1,0xF0,0x00,0x12,
0x3F,0xC0,0x80,0x7C,0x1F,0x07,0x87,0x80,0xF1,0xF0,
0x0F,0x3C,0x01,0xEF,0x00,0x1F,0xC1,0x20,0x7E,0x00,
0x1F,0xE0,0x07,0xBC,0x01,0xE7,0xC0,0x7C,0x78,0x0F,
0x0F,0x87,0xC0,0xF0,0x13,0x57,0xFA,0x88,0x78,0x0F,
0x87,0x81,0xF0,0x78,0x1E,0x07,0x83,0xE0,0x3C,0x3C,
0x03,0xC7,0xC0,0x3C,0x78,0x40,0x79,0xE0,0x80,0x77,
0x80,0x07,0x70,0x00,0x7F,0x00,0x07,0xE0,0x00,0x3E,
0x00,0x03,0xC0,0x00,0x7C,0x00,0x07,0x80,0x07,0xF0,
0x00,0x7E,0x00,0x0F,0xC0,0x00,0x0F,0x3C,0x00,0x84,
0x8F,0xFF,0x00,0x3E,0x00,0x7C,0x00,0xF8,0x01,0xF0,
0x01,0xE0,0x03,0xE0,0x07,0xC0,0x0F,0x80,0x1F,0x00,
0x3F,0xFE,0x3F,0xFC,0x7F,0xFC,0x0C,0x64,0xBC,0x68,
0x03,0xC0,0x7E,0x07,0xF0,0x3E,0x01,0xC2,0x83,0xC2,
0x07,0x81,0xF8,0x0F,0x00,0x7C,0x06,0x9E,0x00,0xF0,
0x20,0xFC,0x01,0xE0,0x09,0x84,0x7A,0x55,0x83,0xC0,
0xEB,0x0F,0x03,0x96,0x3C,0xC3,0xC6,0x3C,0x2B,0xC0,
0x0D,0x67,0xFC,0x68,0x1C,0x10,0x1F,0x80,0x1F,0x20,
0x07,0x80,0x1C,0x48,0x1E,0x00,0x7C,0x00,0xFC,0x00,
0xE0,0x0F,0x80,0x78,0x80,0x78,0x40,0x38,0x20,0x3C,
0x01,0xF0,0x1F,0x80,0x7C,0x03,0xC0,0x00,0x0F,0x18,
0x85,0x98,0x78,0x39,0xFC,0x39,0xFE,0x7B,0xCF,0xF3,
0x87,0xF3,0x83,0xC0,
};
/* font data size: 3134 bytes */

static const unsigned char Inter_20_Bold_Italic_index[] = {
0x00,0x00,0x04,0x01,0x40,0x22,0x04,0x10,0x78,0x0B,
0x30,0xE4,0x0E,0xC1,0x04,0x11,0x91,0x2C,0x14,0x01,
0x4B,0x15,0x21,0x59,0x18,0x71,0xAE,0x1C,0x41,0xF1,
0x21,0xC2,0x3D,0x26,0x42,0x93,0x2B,0xE2,0xEB,0x31,
0xA3,0x28,0x33,0xB3,0x5D,0x36,0x83,0x8A,0x3A,0xF4,
0x0B,0x43,0xD4,0x66,0x49,0x04,0xBB,0x4D,0x74,0xF0,
0x51,0xD5,0x38,0x54,0x55,0x64,0x59,0xA5,0xAF,0x5E,
0x66,0x0F,0x64,0x06,0x67,0x69,0xB6,0xC8,0x6F,0x77,
0x11,0x73,0xA7,0x6A,0x7A,0xE7,0xEC,0x81,0x68,0x48,
0x85,0x98,0x64,0x87,0x78,0x87,0x88,0xF8,0x96,0x8B,
0x88,0xDF,0x8F,0xD9,0x26,0x94,0x39,0x6D,0x99,0xE9,
0xBF,0x9C,0xF9,0xEA,0xA1,0x3A,0x1E,0xA3,0xFA,0x5B,
0xA7,0xBA,0xA0,0xAC,0x5A,0xD6,0xAF,0x8B,0x08,0xB2,
0x4B,0x44,0xB6,0x7B,0x8A,0xBB,0xEB,0xDC,0xBF,0x8C,
0x08,0xC2,0xE0,
};
/* font index size: 143 bytes */

const ILI9341_t3_font_t Inter_20_Bold_Italic = {
	Inter_20_Bold_Italic_index,
	0,
	Inter_20_Bold_Italic_data,
	1,
	0,
	32,
	126,
	0,
	0,
	12,
	5,
	6,
	4,
	6,
	5,
	33,
	20
};




// ---- 36 px ----
static const unsigned char Inter_36_Bold_Italic_data[] = {
0x00,0x00,0x00,0x0C,0x07,0x4A,0x20,0x11,0xA0,0x3F,
0xC0,0x7F,0x50,0x3F,0xD2,0x0F,0xE4,0x07,0xF9,0x61,
0xFC,0x07,0xF8,0xB1,0xFC,0x28,0x00,0x00,0xF0,0x03,
0xF0,0x21,0xFE,0x07,0xFC,0x10,0xFE,0x00,0xF0,0x00,
0x09,0x9E,0x75,0x9C,0x1F,0xC7,0xF9,0x7F,0x0F,0xF0,
0xFE,0x1F,0x8F,0xC1,0xFA,0x1F,0x87,0xF1,0xF8,0x7E,
0x3F,0x87,0xE4,0xFE,0x0F,0xC7,0xE0,0xF8,0x10,0x4A,
0x10,0x20,0x00,0x1F,0x80,0xF8,0x00,0x0F,0x80,0x7C,
0x00,0x07,0xC0,0x7E,0x10,0x00,0xFC,0x07,0xE0,0x00,
0x7E,0x03,0xE0,0x00,0x3E,0x01,0xF0,0x40,0x03,0xE0,
0x3F,0x04,0x0F,0xFF,0xFF,0xFF,0xC8,0xFF,0xFF,0xFF,
0xF0,0xFF,0xFF,0xFF,0xF8,0x03,0xF0,0x1F,0x81,0x00,
0x3F,0x01,0xF0,0x00,0x1F,0x00,0xF8,0x00,0x0F,0x80,
0xFC,0x04,0x01,0xF8,0x0F,0xC0,0x1F,0xFF,0xFF,0xFF,
0x25,0xFF,0xFF,0xFF,0xE2,0x3F,0xFF,0xFF,0xFE,0x00,
0xFC,0x07,0xC0,0x00,0x7C,0x03,0xE0,0x00,0x3E,0x03,
0xF0,0x04,0x07,0xE0,0x3F,0x00,0x03,0xF0,0x1F,0x00,
0x20,0x3E,0x01,0xF0,0x00,0x3F,0x01,0xF8,0x00,0x0F,
0xDC,0x1F,0x21,0x00,0x00,0x0E,0x00,0xA0,0x00,0x03,
0x80,0x00,0x00,0x3F,0xF0,0x00,0x01,0xFF,0xFE,0x00,
0x07,0xFF,0xFF,0x00,0x0F,0xFF,0xFF,0x80,0x1F,0xFF,
0xFF,0xC0,0x3F,0xFF,0xFF,0xE0,0x3F,0xF7,0x7F,0xE0,
0x7F,0xC7,0x1F,0xE0,0x7F,0x86,0x0F,0xF0,0x1F,0xE1,
0xC1,0xFE,0x03,0xFC,0x38,0x00,0x03,0xFE,0x38,0x00,
0x03,0xFF,0xB8,0x00,0x03,0xFF,0xF8,0x00,0x01,0xFF,
0xFF,0x00,0x00,0xFF,0xFF,0xE0,0x00,0x7F,0xFF,0xF0,
0x00,0x1F,0xFF,0xF8,0x00,0x07,0xFF,0xFC,0x00,0x00,
0xFF,0xFE,0x00,0x00,0xE7,0xFE,0x00,0x00,0xE3,0xFE,
0x00,0x00,0xE1,0xFE,0x43,0xF8,0x1C,0x1F,0xC7,0xF8,
0x38,0x3F,0xC3,0xFC,0x38,0x3F,0xC3,0xFC,0x38,0xFF,
0x83,0xFF,0x3B,0xFF,0x83,0xFF,0xFF,0xFF,0x01,0xFF,
0xFF,0xFE,0x00,0xFF,0xFF,0xFC,0x00,0x7F,0xFF,0xF8,
0x00,0x3F,0xFF,0xE0,0x00,0x07,0xFF,0x00,0x00,0x00,
0x70,0x00,0x00,0x00,0x60,0x00,0x08,0x00,0x1C,0x00,
0x00,0x13,0xCC,0x7F,0xF3,0x01,0xF8,0x00,0x00,0x7C,
0x07,0xFE,0x00,0x00,0xF8,0x0F,0xFF,0x00,0x01,0xF0,
0x1F,0xFF,0x80,0x03,0xE0,0x3F,0xFF,0x80,0x07,0xC0,
0x3F,0x1F,0x80,0x0F,0x80,0x7E,0x0F,0x80,0x0F,0x80,
0x7C,0x0F,0x80,0x1F,0x00,0x7C,0x0F,0x80,0x3E,0x00,
0x7C,0x0F,0x80,0x7C,0x00,0x7C,0x1F,0x00,0xF8,0x00,
0x7C,0x1F,0x01,0xF0,0x00,0x7C,0x3F,0x03,0xF0,0x00,
0x7F,0xFE,0x03,0xE0,0x00,0x7F,0xFE,0x07,0xC0,0x00,
0x3F,0xFC,0x0F,0x80,0x00,0x1F,0xF8,0x1F,0x00,0x00,
0x0F,0xE0,0x3E,0x00,0x00,0x00,0x00,0x7E,0x00,0x00,
0x00,0x00,0x7C,0x03,0xF0,0x00,0x00,0xF8,0x0F,0xFC,
0x00,0x01,0xF0,0x1F,0xFC,0x00,0x03,0xE0,0x3F,0xFE,
0x00,0x07,0xC0,0x7F,0xFE,0x00,0x0F,0xC0,0x7C,0x3F,
0x00,0x0F,0x80,0xF8,0x3F,0x00,0x1F,0x00,0xF8,0x3F,
0x00,0x3E,0x00,0xF8,0x3F,0x00,0x7C,0x01,0xF8,0x3E,
0x00,0xF8,0x01,0xF0,0x3E,0x01,0xF0,0x01,0xF0,0x3E,
0x01,0xF0,0x01,0xF8,0x7E,0x03,0xE0,0x01,0xFF,0xFC,
0x07,0xC0,0x00,0xFF,0xFC,0x0F,0x80,0x00,0xFF,0xF8,
0x1F,0x00,0x00,0x7F,0xF0,0x3E,0x00,0x00,0x3F,0xC0,
0x00,0x00,0x00,0x06,0x00,0x0F,0xCA,0x10,0x23,0x00,
0x01,0xFC,0x00,0x00,0x07,0xFF,0x00,0x00,0x1F,0xFF,
0x80,0x00,0x3F,0xFF,0xC0,0x00,0x7F,0xFF,0xC0,0x00,
0x7F,0xFF,0xE0,0x00,0xFE,0x0F,0xE0,0x80,0x1F,0x80,
0xFC,0x00,0x3F,0x80,0xFC,0x00,0x3F,0x01,0xF8,0x00,
0x3F,0x83,0xF8,0x00,0x1F,0x87,0xF0,0x00,0x1F,0xDF,
0xF0,0x00,0x1F,0xFF,0xE0,0x00,0x0F,0xFF,0xC0,0x00,
0x0F,0xFF,0x00,0x00,0x0F,0xFE,0x00,0x00,0x1F,0xF8,
0x00,0x00,0x7F,0xFC,0x07,0xE0,0xFF,0xFC,0x0F,0xE1,
0xFF,0xFE,0x0F,0xC3,0xFE,0xFF,0x0F,0xC7,0xFC,0x7F,
0x9F,0xC7,0xF8,0x3F,0x9F,0x87,0xF0,0x1F,0xFF,0x8F,
0xF0,0x1F,0xFF,0x0F,0xE0,0x0F,0xFF,0x0F,0xE0,0x07,
0xFE,0x0F,0xF0,0x07,0xFE,0x07,0xF8,0x1F,0xFC,0x07,
0xFF,0xFF,0xFC,0x07,0xFF,0xFF,0xFE,0x03,0xFF,0xFF,
0xFF,0x01,0xFF,0xFF,0xFF,0x00,0x7F,0xFE,0x7F,0x80,
0x1F,0xE0,0x3F,0xC0,0x04,0x9E,0x75,0x91,0x1F,0xED,
0xFD,0x4F,0xC7,0xF2,0xBF,0x00,0x08,0xDC,0x4E,0x53,
0x00,0x1F,0xE0,0x01,0xFD,0x00,0x1F,0xC0,0x0F,0xE0,
0x07,0xF8,0x01,0xFC,0x00,0xFF,0x00,0x3F,0x80,0x1F,
0xE0,0x80,0xFE,0x00,0x7F,0x81,0x03,0xF8,0x01,0xFE,
0x02,0x0F,0xE0,0x10,0xFF,0x00,0x87,0xF0,0x04,0xFF,
0x80,0x37,0xF8,0x00,0xFE,0x00,0x57,0xF8,0x02,0x1F,
0xC0,0x10,0xFF,0x00,0x93,0xF8,0x00,0x7F,0x00,0x08,
0xDD,0xEE,0x53,0x80,0x0F,0xE0,0x03,0xFD,0x20,0x0F,
0xE9,0x00,0x7F,0xE8,0x01,0xFF,0x00,0x0F,0xF2,0x00,
0xFF,0x90,0x07,0xF0,0x03,0xFD,0x00,0x1F,0xC0,0x0F,
0xF2,0x00,0x7F,0x00,0x3F,0xC0,0x0F,0xE0,0x07,0xF8,
0x01,0xFC,0x00,0xFF,0x00,0x3F,0x80,0x1F,0xE0,0x07,
0xF0,0x03,0xFC,0x00,0xFE,0x00,0x7F,0x00,0x3F,0xC0,
0x00,0x0A,0xAA,0x64,0x1C,0x90,0x07,0xC0,0x04,0x1E,
0x08,0x18,0x78,0x60,0xF1,0xE7,0xC7,0xF7,0xBF,0x3F,
0xFF,0xFE,0x3F,0xFF,0xE0,0x3F,0xFC,0x00,0x3F,0xC0,
0x03,0xFF,0x80,0x3F,0xFF,0x83,0xFF,0xFF,0xCF,0xFE,
0xFE,0x3E,0x79,0xF0,0x71,0xE1,0xC1,0x07,0x82,0x00,
0x1E,0x00,0x40,0x1F,0x00,0x00,0x0D,0x32,0x40,0xE2,
0xA0,0x00,0xFC,0x00,0x00,0x3F,0x80,0x58,0x00,0xFC,
0x01,0x2F,0xFF,0xFF,0xFB,0xFF,0xFF,0xFF,0x8F,0xFF,
0xFF,0xF8,0x00,0xFE,0x00,0x58,0x03,0xF0,0x00,0x00,
0xFE,0x00,0x20,0x03,0xF0,0x00,0x06,0x1F,0xFD,0xD1,
0x03,0xFC,0x07,0xF0,0x3F,0x20,0x7F,0x03,0xF0,0x3F,
0x88,0x3F,0x08,0x7E,0x08,0x7C,0x07,0xC0,0x00,0x09,
0x0C,0x33,0x17,0x3F,0xFF,0xF2,0xFF,0xFF,0x47,0xFF,
0xFC,0x04,0x90,0x20,0x11,0x0F,0x07,0xE8,0x7F,0xBF,
0xF0,0xFE,0x1E,0x00,0x0C,0xD9,0xEE,0x93,0x00,0x00,
0x1F,0xC0,0x00,0x07,0xE0,0x00,0x03,0xFA,0x00,0x00,
0x1F,0x90,0x00,0x01,0xF8,0x00,0x00,0xFE,0x00,0x00,
0x3F,0x00,0x00,0x1F,0xC2,0x00,0x00,0xFC,0x10,0x00,
0x0F,0xC0,0x00,0x07,0xF0,0x00,0x01,0xF8,0x00,0x00,
0xFE,0x00,0x00,0x3F,0x00,0x00,0x1F,0xC0,0x20,0x00,
0xFC,0x00,0x00,0x7F,0x00,0x00,0x1F,0x80,0x00,0x0F,
0xE0,0x00,0x03,0xF0,0x00,0x01,0xFC,0x00,0x40,0x0F,
0xC0,0x00,0x07,0xF0,0x00,0x01,0xF8,0x00,0x00,0xFE,
0x00,0x00,0x3F,0x00,0x00,0x1F,0xC0,0x00,0x80,0xFC,
0x00,0x00,0x7F,0x00,0x00,0x1F,0x80,0x00,0x0F,0xE0,
0x00,0x03,0xF0,0x00,0x01,0xFC,0x00,0x01,0x0F,0xC0,
0x00,0x07,0xF0,0x00,0x01,0xF8,0x00,0x00,0x0F,0x4A,
0x30,0x22,0x00,0x01,0xFE,0x00,0x00,0x1F,0xFF,0x00,
0x00,0xFF,0xFF,0x80,0x03,0xFF,0xFF,0x80,0x0F,0xFF,
0xFF,0x00,0x3F,0xFF,0xFF,0x00,0xFF,0x83,0xFE,0x03,
0xFC,0x03,0xFE,0x0F,0xF8,0x03,0xFC,0x1F,0xE0,0x07,
0xF8,0x7F,0x80,0x07,0xF0,0xFF,0x00,0x0F,0xF1,0xFC,
0x00,0x1F,0xF0,0xFF,0x00,0x07,0xF9,0xFC,0x00,0x0F,
0xF9,0xFF,0x00,0x03,0xFA,0x7F,0x80,0x01,0xFE,0x7F,
0x00,0x03,0xF9,0x1F,0xC0,0x01,0xFE,0x3F,0x80,0x03,
0xF8,0x7F,0x00,0x0F,0xF1,0x1F,0xE0,0x07,0xF8,0x3F,
0xE0,0x1F,0xE0,0x3F,0xE0,0xFF,0xC0,0x7F,0xFF,0xFF,
0x00,0x7F,0xFF,0xFC,0x00,0x7F,0xFF,0xF0,0x00,0x7F,
0xFF,0x80,0x00,0x7F,0xFC,0x00,0x00,0x3F,0xE0,0x00,
0x00,0x09,0x4A,0x40,0x16,0x00,0x3F,0xE0,0x0F,0xFC,
0x07,0xFF,0x81,0xFF,0xE0,0xFF,0xFC,0x3F,0xFF,0x8F,
0xFF,0xF1,0xFD,0xFE,0x3F,0x3F,0xCF,0x87,0xF9,0xE0,
0xFE,0x30,0x1F,0xC4,0x03,0xF9,0x20,0x1F,0xE4,0x80,
0x7F,0x12,0x03,0xFC,0x48,0x0F,0xE1,0x20,0x7F,0x84,
0x81,0xFC,0x12,0x0F,0xF0,0x48,0x3F,0x80,0x0E,0xCA,
0x10,0x20,0x00,0x01,0xFE,0x00,0x00,0x3F,0xFF,0x00,
0x03,0xFF,0xFE,0x00,0x1F,0xFF,0xFC,0x00,0xFF,0xFF,
0xF8,0x07,0xFF,0xFF,0xF0,0x3F,0xE0,0x7F,0xC0,0xFF,
0x00,0x7F,0x07,0xF8,0x01,0xFE,0x43,0xF8,0x00,0xFE,
0x00,0x00,0x03,0xF8,0x00,0x00,0x1F,0xE0,0x00,0x00,
0x7F,0x00,0x00,0x03,0xFC,0x00,0x00,0x1F,0xE0,0x00,
0x00,0xFF,0x00,0x00,0x07,0xF8,0x00,0x00,0x7F,0xE0,
0x00,0x03,0xFF,0x00,0x00,0x1F,0xF8,0x00,0x00,0xFF,
0x80,0x00,0x07,0xFC,0x00,0x00,0x7F,0xE0,0x00,0x03,
0xFF,0x00,0x00,0x1F,0xF8,0x00,0x00,0xFF,0xC0,0x00,
0x0F,0xFC,0x00,0x00,0x7F,0xE0,0x00,0x03,0xFF,0x00,
0x00,0x1F,0xFF,0xFF,0xF9,0x7F,0xFF,0xFF,0xF8,0x0E,
0xCA,0x20,0x20,0x00,0x03,0xFE,0x00,0x00,0x3F,0xFF,
0x00,0x03,0xFF,0xFE,0x00,0x3F,0xFF,0xFC,0x01,0xFF,
0xFF,0xF8,0x0F,0xFF,0xFF,0xE0,0x3F,0xE0,0x7F,0xC1,
0xFE,0x00,0xFF,0x07,0xF0,0x03,0xFC,0x3F,0xC0,0x07,
0xF0,0x00,0x00,0x3F,0xE0,0x00,0x00,0x1F,0xC0,0x00,
0x00,0xFE,0x00,0x00,0x0F,0xF8,0x00,0x1F,0xFF,0x80,
0x00,0x7F,0xFC,0x00,0x01,0xFF,0x80,0x00,0x07,0xFF,
0x80,0x00,0x1F,0xFF,0x80,0x00,0xFF,0xFF,0x00,0x00,
0x07,0xFE,0x40,0x00,0x00,0xFF,0x20,0x00,0x00,0x3F,
0xC0,0x00,0x00,0xFE,0x3F,0x80,0x07,0xF8,0xFF,0x00,
0x1F,0xE3,0xFC,0x00,0xFF,0x0F,0xFC,0x0F,0xFC,0x3F,
0xFF,0xFF,0xE0,0x7F,0xFF,0xFF,0x00,0xFF,0xFF,0xF8,
0x01,0xFF,0xFF,0xC0,0x01,0xFF,0xFC,0x00,0x01,0xFF,
0x00,0x00,0x0F,0x4A,0x10,0x22,0x00,0x00,0x07,0xFE,
0x00,0x00,0x1F,0xFE,0x00,0x00,0x0F,0xFE,0x00,0x00,
0x3F,0xFC,0x00,0x00,0xFF,0xF8,0x00,0x03,0xFF,0xF0,
0x00,0x0F,0xFF,0xE0,0x00,0x1F,0xFF,0x80,0x00,0x7F,
0x7F,0x00,0x01,0xFE,0xFE,0x00,0x07,0xF9,0xFC,0x00,
0x1F,0xE3,0xF8,0x00,0x3F,0x87,0xF0,0x00,0xFE,0x1F,
0xC0,0x03,0xFC,0x3F,0x80,0x0F,0xF0,0x7F,0x00,0x3F,
0xC0,0xFE,0x00,0x7F,0x01,0xFC,0x01,0xFE,0x03,0xF8,
0x07,0xF8,0x0F,0xE0,0x1F,0xE0,0x1F,0xC0,0x3F,0x80,
0x3F,0x80,0xFE,0x00,0x7F,0x0B,0x7F,0xFF,0xFF,0xFD,
0xFF,0xFF,0xFF,0xF0,0x00,0x00,0xFE,0x00,0x00,0x03,
0xFC,0x16,0x00,0x00,0xFE,0x00,0x0E,0xCA,0x20,0x1F,
0x01,0xFF,0xFF,0xFE,0x40,0xFF,0xFF,0xFD,0x00,0xFF,
0xFF,0xFE,0x03,0xF8,0x00,0x00,0x0F,0xC0,0x00,0x09,
0x0F,0xE0,0x00,0x00,0x3F,0x00,0x00,0x01,0xFC,0x3F,
0x00,0x07,0xF7,0xFF,0x00,0x1F,0xBF,0xFF,0x00,0x7F,
0xFF,0xFE,0x03,0xFF,0xFF,0xF8,0x0F,0xFF,0xFF,0xF0,
0x3F,0xE0,0x7F,0xC0,0x3E,0x00,0xFF,0x94,0x00,0x00,
0x3F,0xC8,0x00,0x00,0x1F,0xC3,0xF8,0x00,0x7F,0x0F,
0xE0,0x03,0xFC,0x3F,0x80,0x1F,0xE0,0xFF,0x00,0xFF,
0x83,0xFE,0x07,0xFC,0x0F,0xFF,0xFF,0xE0,0x1F,0xFF,
0xFF,0x00,0x3F,0xFF,0xF8,0x00,0x7F,0xFF,0xC0,0x00,
0xFF,0xFC,0x00,0x00,0x7F,0xC0,0x00,0x0F,0x4A,0x20,
0x20,0x00,0x01,0xFE,0x00,0x00,0x0F,0xFF,0x80,0x00,
0x7F,0xFF,0x80,0x01,0xFF,0xFF,0x80,0x07,0xFF,0xFF,
0x80,0x1F,0xFF,0xFF,0x80,0x7F,0xFF,0xFF,0x01,0xFF,
0x81,0xFF,0x03,0xFC,0x01,0xFE,0x0F,0xF0,0x03,0xFC,
0x1F,0xC0,0x00,0x00,0x7F,0x80,0x00,0x00,0xFE,0x0F,
0xC0,0x03,0xFC,0x7F,0xE0,0x07,0xF3,0xFF,0xF0,0x0F,
0xEF,0xFF,0xF0,0x3F,0xFF,0xFF,0xF0,0x7F,0x7F,0xFF,
0xE0,0xFF,0xF0,0x7F,0xE1,0xFF,0x80,0x7F,0xC3,0xFE,
0x00,0x7F,0x87,0xF8,0x00,0x7F,0x1F,0xF0,0x00,0xFE,
0x47,0xF8,0x00,0x3F,0x8F,0xF0,0x00,0xFF,0x21,0xFC,
0x00,0x3F,0x83,0xFC,0x00,0xFF,0x07,0xF8,0x03,0xFC,
0x07,0xF8,0x1F,0xF0,0x0F,0xFF,0xFF,0xE0,0x0F,0xFF,
0xFF,0x80,0x0F,0xFF,0xFE,0x00,0x0F,0xFF,0xF8,0x00,
0x0F,0xFF,0xC0,0x00,0x03,0xFC,0x00,0x00,0x0E,0xCA,
0x20,0x1D,0x07,0xFF,0xFF,0xFE,0x07,0xFF,0xFF,0xFF,
0x23,0xFF,0xFF,0xFE,0x00,0x00,0x07,0xF8,0x00,0x00,
0x3F,0xC0,0x00,0x01,0xFF,0x00,0x00,0x07,0xF8,0x00,
0x00,0x3F,0xC0,0x00,0x01,0xFF,0x00,0x00,0x07,0xF8,
0x00,0x00,0x3F,0xC0,0x00,0x01,0xFF,0x00,0x00,0x07,
0xF8,0x00,0x00,0x3F,0xC0,0x00,0x01,0xFF,0x00,0x00,
0x07,0xF8,0x00,0x00,0x3F,0xC0,0x00,0x01,0xFF,0x00,
0x00,0x07,0xF8,0x00,0x80,0x07,0xF8,0x00,0x00,0x3F,
0xC0,0x01,0x00,0x3F,0xC0,0x00,0x01,0xFE,0x00,0x02,
0x01,0xFE,0x00,0x00,0x0F,0xF0,0x00,0x04,0x0F,0xF0,
0x00,0x00,0x7F,0x80,0x00,0x08,0x7F,0x80,0x00,0x03,
0xFC,0x00,0x00,0x00,0x0E,0xCA,0x20,0x21,0x00,0x03,
0xFE,0x00,0x00,0x7F,0xFF,0x00,0x03,0xFF,0xFE,0x00,
0x3F,0xFF,0xFC,0x01,0xFF,0xFF,0xF8,0x07,0xFF,0xFF,
0xF0,0x3F,0xE0,0x7F,0xC1,0xFF,0x00,0xFF,0x07,0xF8,
0x01,0xFE,0x03,0xF8,0x00,0xFE,0x0F,0xE0,0x07,0xF8,
0x3F,0x80,0x1F,0xC0,0xFF,0x00,0xFE,0x01,0xFE,0x0F,
0xF8,0x07,0xFF,0xFF,0xC0,0x0F,0xFF,0xFC,0x00,0x07,
0xFF,0x80,0x00,0xFF,0xFF,0xC0,0x0F,0xFF,0xFF,0x80,
0x7F,0xFF,0xFF,0x03,0xFE,0x03,0xFE,0x1F,0xF0,0x07,
0xF8,0x7F,0x80,0x0F,0xF4,0x7F,0x80,0x07,0xF9,0xFC,
0x00,0x1F,0xE7,0xF0,0x00,0xFF,0x1F,0xE0,0x03,0xFC,
0x7F,0x80,0x1F,0xF1,0xFF,0x81,0xFF,0x87,0xFF,0xFF,
0xFC,0x0F,0xFF,0xFF,0xF0,0x1F,0xFF,0xFF,0x80,0x3F,
0xFF,0xF8,0x00,0x3F,0xFF,0x80,0x00,0x1F,0xF0,0x00,
0x0F,0x4A,0x20,0x20,0x00,0x03,0xFC,0x00,0x00,0x3F,
0xFF,0x00,0x01,0xFF,0xFF,0x00,0x07,0xFF,0xFF,0x00,
0x1F,0xFF,0xFF,0x00,0x7F,0xFF,0xFF,0x01,0xFF,0x83,
0xFE,0x03,0xFC,0x01,0xFE,0x0F,0xF0,0x03,0xFC,0x1F,
0xC0,0x03,0xF8,0x7F,0x80,0x07,0xF0,0xFE,0x00,0x0F,
0xE1,0xFC,0x00,0x1F,0xF0,0x7F,0x00,0x0F,0xF0,0xFF,
0x00,0x3F,0xE1,0xFE,0x00,0xFF,0xC3,0xFF,0x07,0xFF,
0xA0,0x7F,0xFF,0xFF,0xE0,0x7F,0xFF,0xBF,0xC0,0x7F,
0xFE,0x7F,0x00,0x7F,0xF0,0xFE,0x00,0x3F,0x83,0xFC,
0x00,0x00,0x07,0xF0,0x00,0x00,0x1F,0xE1,0xFC,0x00,
0x3F,0xC3,0xFC,0x00,0xFF,0x07,0xF8,0x03,0xFC,0x0F,
0xF8,0x0F,0xF8,0x0F,0xF8,0x3F,0xE0,0x1F,0xFF,0xFF,
0x80,0x1F,0xFF,0xFF,0x00,0x1F,0xFF,0xF8,0x00,0x1F,
0xFF,0xE0,0x00,0x1F,0xFF,0x00,0x00,0x07,0xF8,0x00,
0x00,0x06,0x34,0x20,0x11,0x01,0xE0,0x1F,0xA0,0x3F,
0xC3,0xFF,0x01,0xFC,0x07,0x8D,0x00,0x09,0x00,0x00,
0xF0,0x0F,0xC2,0x1F,0xE1,0xFF,0x07,0xF8,0x3F,0x80,
0xF8,0x00,0x07,0xC7,0xFD,0xD1,0x00,0x3E,0x00,0x7F,
0xA0,0x1F,0xE0,0x0F,0xC0,0x07,0x9A,0x00,0x02,0xC0,
0x00,0x01,0xFC,0x40,0x7F,0x00,0x7E,0x08,0x1F,0xC0,
0x1F,0x80,0x3F,0x81,0x07,0xE0,0x21,0xF8,0x04,0x3E,
0x00,0x7C,0x00,0x0D,0xBA,0x40,0x22,0x00,0x00,0x00,
0x10,0x00,0x00,0x03,0x00,0x00,0x01,0xF0,0x00,0x00,
0x7F,0x00,0x00,0x3F,0xF0,0x00,0x0F,0xFF,0x00,0x03,
0xFF,0xE0,0x01,0xFF,0xFE,0x00,0x7F,0xFF,0x00,0x3F,
0xFF,0xC0,0x0F,0xFF,0xE0,0x03,0xFF,0xF8,0x00,0x3F,
0xFC,0x00,0x07,0xFE,0x00,0x00,0x7F,0x80,0x00,0x07,
0xFE,0x00,0x00,0x7F,0xF8,0x00,0x07,0xFF,0xF0,0x00,
0x1F,0xFF,0xC0,0x00,0x7F,0xFF,0x00,0x01,0xFF,0xFE,
0x00,0x07,0xFF,0xF8,0x00,0x1F,0xFF,0x80,0x00,0x7F,
0xF8,0x00,0x01,0xFF,0x00,0x00,0x07,0xF0,0x00,0x00,
0x1F,0x00,0x00,0x00,0x30,0x00,0x00,0x01,0x00,0x0E,
0x24,0x31,0xA2,0x81,0xFF,0xFF,0xFF,0x91,0xFF,0xFF,
0xFE,0x1F,0xFF,0xFF,0xF6,0x00,0x00,0x00,0x04,0x3F,
0xFF,0xFF,0xE4,0xBF,0xFF,0xFF,0xC3,0xFF,0xFF,0xFE,
0x00,0x0E,0x3A,0x30,0x22,0x04,0x00,0x00,0x00,0x38,
0x00,0x00,0x01,0xF0,0x00,0x00,0x0F,0xE0,0x00,0x00,
0x7F,0xC0,0x00,0x03,0xFF,0x80,0x00,0x3F,0xFF,0x00,
0x01,0xFF,0xFE,0x00,0x01,0xFF,0xFC,0x00,0x03,0xFF,
0xF8,0x00,0x07,0xFF,0xF8,0x00,0x07,0xFF,0xF0,0x00,
0x0F,0xFF,0x00,0x00,0x1F,0xF8,0x00,0x00,0x3F,0xC0,
0x00,0x07,0xFE,0x00,0x01,0xFF,0xF0,0x00,0x3F,0xFF,
0x80,0x0F,0xFF,0xE0,0x03,0xFF,0xFC,0x00,0x7F,0xFF,
0x00,0x1F,0xFF,0xE0,0x00,0xFF,0xF8,0x00,0x07,0xFF,
0x00,0x00,0x7F,0xE0,0x00,0x03,0xF8,0x00,0x00,0x1F,
0x00,0x00,0x00,0xC0,0x00,0x00,0x04,0x00,0x00,0x00,
0x00,0x0C,0x4A,0x40,0x1C,0x00,0x3F,0xC0,0x00,0xFF,
0xFC,0x00,0xFF,0xFF,0x01,0xFF,0xFF,0xC8,0x3F,0xFF,
0xFE,0x3F,0xE0,0xFF,0x9F,0xE0,0x3F,0xDF,0xE0,0x1F,
0xEF,0xE0,0x0F,0xF0,0x00,0x07,0xF8,0x00,0x03,0xF8,
0x00,0x03,0xFC,0x00,0x03,0xFE,0x00,0x03,0xFE,0x00,
0x07,0xFE,0x00,0x07,0xFE,0x00,0x0F,0xFE,0x00,0x07,
0xFC,0x00,0x07,0xF8,0x00,0x07,0xF8,0x00,0x03,0xF8,
0x00,0x01,0xF8,0x00,0x48,0x3F,0x80,0x04,0x80,0x00,
0x00,0x01,0xF0,0x00,0x01,0xFC,0x00,0x01,0xFE,0x00,
0x00,0xFF,0x80,0x04,0x0F,0xF0,0x00,0x07,0xF0,0x00,
0x01,0xF0,0x00,0x00,0x17,0xDE,0x2D,0xB3,0x00,0x00,
0x03,0xFF,0xC0,0x00,0x00,0x00,0x3F,0xFF,0xF8,0x00,
0x00,0x00,0xFF,0xFF,0xFE,0x00,0x00,0x03,0xFF,0xFF,
0xFF,0x80,0x00,0x0F,0xFF,0xFF,0xFF,0xC0,0x00,0x1F,
0xFF,0xFF,0xFF,0xE0,0x00,0x3F,0xFC,0x00,0x3F,0xF0,
0x00,0x7F,0xE0,0x00,0x0F,0xF8,0x00,0xFF,0x80,0x00,
0x03,0xFC,0x01,0xFE,0x00,0x00,0x01,0xFC,0x03,0xFC,
0x00,0x00,0x00,0xFE,0x03,0xF8,0x03,0xF0,0x00,0xFE,
0x07,0xF0,0x0F,0xFC,0xF8,0x7E,0x0F,0xE0,0x3F,0xFE,
0xF8,0x7F,0x0F,0xE0,0x7F,0xFF,0xF8,0x3F,0x1F,0xC0,
0xFF,0xFF,0xF0,0x3F,0x1F,0x81,0xFF,0xFF,0xF0,0x3F,
0x1F,0x81,0xFC,0x0F,0xF0,0x3F,0x3F,0x83,0xF8,0x07,
0xF0,0x3F,0x3F,0x03,0xF0,0x03,0xF0,0x3F,0x3F,0x07,
0xE0,0x03,0xF0,0x3F,0x3F,0x07,0xE0,0x03,0xE0,0x3F,
0x7F,0x07,0xC0,0x03,0xE0,0x3F,0x7E,0x07,0xC0,0x03,
0xE0,0x7E,0x8F,0xC1,0xF8,0x00,0xFC,0x0F,0xCF,0xC1,
0xF8,0x00,0xFC,0x0F,0x8F,0xC1,0xF8,0x01,0xF8,0x1F,
0x8F,0xC0,0xFC,0x03,0xF8,0x1F,0x8F,0xC0,0xFE,0x07,
0xF8,0x3F,0x0F,0xC0,0xFF,0xFF,0xFC,0x7F,0x0F,0xC0,
0xFF,0xFF,0xFF,0xFE,0x0F,0xE0,0x7F,0xFF,0x7F,0xFC,
0x0F,0xE0,0x3F,0xFE,0x7F,0xF8,0x0F,0xE0,0x1F,0xFC,
0x3F,0xF0,0x07,0xF0,0x07,0xF0,0x1F,0xC0,0x10,0xFF,
0x00,0x00,0x00,0x00,0x00,0x7F,0xC0,0x00,0x00,0x00,
0x00,0x3F,0xE0,0x00,0x02,0x00,0x00,0x3F,0xFC,0x00,
0x3E,0x00,0x00,0x1F,0xFF,0xFF,0xFE,0x00,0x00,0x0F,
0xFF,0xFF,0xFE,0x00,0x00,0x03,0xFF,0xFF,0xFE,0x00,
0x00,0x01,0xFF,0xFF,0xFF,0x00,0x00,0x00,0x3F,0xFF,
0xF8,0x00,0x00,0x00,0x07,0xFF,0x80,0x00,0x00,0x11,
0xCB,0xF0,0x25,0x80,0x00,0x03,0xFF,0x01,0x00,0x00,
0x0F,0xFF,0x02,0x00,0x00,0x3F,0xFE,0x00,0x00,0x07,
0xF7,0xE0,0x00,0x00,0x7F,0x7F,0x04,0x00,0x01,0xFC,
0xFE,0x00,0x00,0x3F,0xCF,0xE0,0x00,0x03,0xF8,0xFE,
0x00,0x00,0x7F,0x8F,0xE0,0x00,0x07,0xF0,0xFF,0x08,
0x00,0x1F,0xE1,0xFE,0x10,0x00,0x7F,0x81,0xFC,0x20,
0x01,0xFE,0x03,0xFC,0x40,0x07,0xF8,0x07,0xF8,0x80,
0x1F,0xFF,0xFF,0xF1,0x00,0x7F,0xFF,0xFF,0xF2,0x01,
0xFF,0xFF,0xFF,0xE0,0x3F,0xC0,0x00,0xFE,0x03,0xFC,
0x00,0x0F,0xF4,0x0F,0xF0,0x00,0x1F,0xE1,0xFF,0x00,
0x01,0xFE,0x1F,0xE0,0x00,0x1F,0xE3,0xFE,0x00,0x01,
0xFE,0x3F,0xC0,0x00,0x0F,0xF7,0xFC,0x00,0x00,0xFF,
0x0F,0xCA,0x10,0x21,0x01,0xFF,0xFF,0xC0,0x01,0xFF,
0xFF,0xF0,0x01,0xFF,0xFF,0xFC,0x03,0xFF,0xFF,0xFC,
0x03,0xFF,0xFF,0xFE,0x03,0xFF,0xFF,0xFF,0x03,0xF8,
0x01,0xFF,0x80,0x7F,0x00,0x1F,0xF2,0x1F,0xE0,0x03,
0xFC,0x1F,0xE0,0x03,0xF8,0x1F,0xC0,0x07,0xF8,0x1F,
0xC0,0x0F,0xF0,0x1F,0xC0,0x3F,0xE0,0x3F,0xFF,0xFF,
0xC0,0x3F,0xFF,0xFE,0x00,0x3F,0xFF,0xFF,0x00,0x3F,
0xFF,0xFF,0xC0,0x3F,0xFF,0xFF,0xE0,0x3F,0x80,0x1F,
0xF0,0x7F,0x80,0x0F,0xF0,0x7F,0x80,0x07,0xF0,0x7F,
0x80,0x07,0xFA,0x0F,0xE0,0x00,0xFF,0x0F,0xE0,0x00,
0xFE,0x1F,0xE0,0x01,0xFE,0x1F,0xE0,0x03,0xFE,0x1F,
0xE0,0x07,0xFC,0x1F,0xFF,0xFF,0xFC,0x1F,0xFF,0xFF,
0xF8,0x1F,0xFF,0xFF,0xF0,0x3F,0xFF,0xFF,0xE0,0x3F,
0xFF,0xFF,0x80,0x3F,0xFF,0xFC,0x00,0x00,0x11,0x4A,
0x30,0x25,0x00,0x00,0xFF,0x80,0x00,0x00,0xFF,0xFE,
0x00,0x00,0x7F,0xFF,0xF0,0x00,0x1F,0xFF,0xFF,0x00,
0x0F,0xFF,0xFF,0xF0,0x03,0xFF,0xFF,0xFF,0x00,0xFF,
0xFF,0xFF,0xE0,0x1F,0xFC,0x0F,0xFE,0x07,0xFE,0x00,
0x7F,0xC1,0xFF,0x80,0x07,0xF8,0x3F,0xC0,0x00,0x7F,
0x0F,0xF8,0x00,0x0F,0xF1,0xFE,0x00,0x01,0xFF,0x0F,
0xF0,0x00,0x00,0x01,0xFC,0x00,0x00,0x00,0x9F,0xF0,
0x00,0x00,0x02,0xFF,0x80,0x00,0x00,0x07,0xF0,0x00,
0x07,0xF9,0x1F,0xE0,0x00,0x3F,0xC3,0xFE,0x00,0x0F,
0xF0,0x3F,0xE0,0x07,0xFE,0x07,0xFF,0x03,0xFF,0x80,
0x7F,0xFF,0xFF,0xE0,0x0F,0xFF,0xFF,0xF8,0x00,0xFF,
0xFF,0xFE,0x00,0x0F,0xFF,0xFF,0x80,0x00,0xFF,0xFF,
0xC0,0x00,0x07,0xFF,0xF0,0x00,0x00,0x1F,0xF0,0x00,
0x00,0x11,0x4A,0x10,0x24,0x01,0xFF,0xFF,0x00,0x00,
0x3F,0xFF,0xFC,0x00,0x07,0xFF,0xFF,0xE0,0x01,0xFF,
0xFF,0xFE,0x00,0x3F,0xFF,0xFF,0xE0,0x07,0xFF,0xFF,
0xFE,0x00,0xFF,0xFF,0xFF,0xE0,0x1F,0xC0,0x1F,0xFC,
0x03,0xF8,0x00,0x7F,0xC0,0xFF,0x00,0x07,0xF8,0x1F,
0xE0,0x00,0xFF,0xC0,0x7F,0x80,0x01,0xFF,0x21,0xFC,
0x00,0x07,0xFC,0x8F,0xF0,0x00,0x1F,0xF0,0x3F,0x80,
0x00,0x7F,0x07,0xF0,0x00,0x1F,0xE1,0xFE,0x00,0x03,
0xFC,0x3F,0xC0,0x00,0x7F,0x07,0xF0,0x00,0x1F,0xE0,
0xFE,0x00,0x07,0xFC,0x1F,0xC0,0x00,0xFF,0x03,0xF8,
0x00,0x3F,0xE0,0xFF,0x00,0x1F,0xF8,0x1F,0xE0,0x0F,
0xFE,0x03,0xFF,0xFF,0xFF,0xC0,0x7F,0xFF,0xFF,0xF0,
0x0F,0xFF,0xFF,0xFC,0x01,0xFF,0xFF,0xFE,0x00,0x7F,
0xFF,0xFF,0x80,0x0F,0xFF,0xFF,0xC0,0x01,0xFF,0xFF,
0xC0,0x00,0x00,0x0F,0x4A,0x10,0x1F,0x90,0x3F,0xFF,
0xFF,0xE0,0x1F,0xFF,0xFF,0xF0,0x3F,0xFF,0xFF,0xD2,
0x0F,0xE0,0x00,0x04,0x87,0xF8,0x00,0x01,0x21,0xFC,
0x00,0x00,0x03,0xFF,0xFF,0xF8,0xB1,0xFF,0xFF,0xFC,
0x03,0xF8,0x00,0x00,0x49,0xFE,0x00,0x00,0x12,0x7F,
0x00,0x00,0x04,0xBF,0xC0,0x00,0x01,0x2F,0xFF,0xFF,
0xF0,0x4F,0xFF,0xFF,0xFC,0x00,0x0F,0x4A,0x10,0x1D,
0x90,0x3F,0xFF,0xFF,0xE4,0x1F,0xFF,0xFF,0xE9,0x07,
0xF0,0x00,0x02,0x43,0xFC,0x00,0x00,0xA0,0xFE,0x00,
0x00,0x03,0xFC,0x00,0x00,0x07,0xFF,0xFF,0xF0,0xA1,
0xFF,0xFF,0xF8,0x07,0xFF,0xFF,0xF0,0x41,0xFE,0x00,
0x00,0x12,0x7F,0x00,0x00,0x04,0xBF,0xC0,0x00,0x01,
0x2F,0xE0,0x00,0x00,0x4F,0xF8,0x00,0x00,0x00,0x11,
0x4A,0x30,0x26,0x00,0x00,0xFF,0x80,0x00,0x00,0xFF,
0xFE,0x00,0x00,0x7F,0xFF,0xF0,0x00,0x1F,0xFF,0xFF,
0x00,0x0F,0xFF,0xFF,0xF0,0x03,0xFF,0xFF,0xFF,0x00,
0xFF,0xFF,0xFF,0xE0,0x1F,0xFC,0x0F,0xFE,0x07,0xFE,
0x00,0x7F,0xC1,0xFF,0x80,0x07,0xF8,0x3F,0xC0,0x00,
0x7F,0x8F,0xF8,0x00,0x0F,0xF1,0xFE,0x00,0x00,0x01,
0x0F,0xF0,0x00,0x00,0x01,0xFC,0x00,0x00,0x00,0x7F,
0x80,0x00,0x00,0x11,0xFE,0x00,0x7F,0xFF,0x3F,0x80,
0x0F,0xFF,0xE7,0xF0,0x03,0xFF,0xFD,0x1F,0xC0,0x0F,
0xFF,0xE3,0xF8,0x00,0x01,0xFC,0x7F,0x80,0x00,0x7F,
0x8F,0xF0,0x00,0x0F,0xE1,0xFE,0x00,0x03,0xFC,0x3F,
0xE0,0x00,0xFF,0x03,0xFE,0x00,0x3F,0xE0,0x7F,0xF0,
0x3F,0xF8,0x07,0xFF,0xFF,0xFF,0x00,0xFF,0xFF,0xFF,
0xC0,0x0F,0xFF,0xFF,0xF0,0x00,0xFF,0xFF,0xF8,0x00,
0x0F,0xFF,0xFE,0x00,0x00,0x7F,0xFF,0x00,0x00,0x01,
0xFF,0x00,0x00,0x12,0xCA,0x10,0x25,0x01,0xFE,0x00,
0x03,0xFC,0x07,0xF0,0x00,0x0F,0xF0,0x1F,0xC0,0x00,
0x3F,0xA0,0x1F,0xE0,0x00,0x1F,0xC0,0x7F,0x80,0x00,
0xFF,0x40,0x3F,0x80,0x00,0x7F,0x80,0xFE,0x00,0x01,
0xFC,0x80,0xFF,0x00,0x00,0xFE,0x40,0x7F,0x80,0x00,
0xFF,0x01,0xFC,0x00,0x03,0xFC,0x07,0xF0,0x00,0x0F,
0xE0,0x1F,0xFF,0xFF,0xFF,0x8A,0x1F,0xFF,0xFF,0xFF,
0xC0,0x7F,0xFF,0xFF,0xFE,0x01,0xFC,0x00,0x03,0xF8,
0x0F,0xF0,0x00,0x0F,0xE0,0x3F,0xC0,0x00,0x7F,0x84,
0x9F,0xC0,0x00,0x3F,0xC0,0x7F,0x00,0x00,0xFE,0x08,
0x7F,0x80,0x00,0x7F,0x01,0xFE,0x00,0x03,0xFC,0x10,
0xFE,0x00,0x01,0xFE,0x03,0xF8,0x00,0x07,0xF0,0x23,
0xFC,0x00,0x03,0xF8,0x0F,0xF0,0x00,0x1F,0xE0,0x00,
0x07,0x4A,0x10,0x0E,0x01,0xFF,0x00,0x7F,0x48,0x3F,
0xD2,0x0F,0xE4,0x87,0xF9,0x41,0xFC,0x40,0xFF,0x14,
0x3F,0x84,0x9F,0xE1,0x27,0xF0,0x4B,0xFC,0x12,0xFE,
0x04,0xFF,0x80,0x0E,0xCA,0x10,0x1D,0x00,0x00,0x03,
0xFE,0x80,0x00,0x01,0xFD,0x00,0x00,0x01,0xFE,0xA0,
0x00,0x00,0xFE,0x40,0x00,0x00,0xFF,0x28,0x00,0x00,
0x7F,0x10,0x00,0x00,0x7F,0x8A,0x00,0x00,0x3F,0x80,
0x00,0x01,0xFE,0x11,0xFE,0x00,0xFF,0x08,0xFF,0x00,
0x7F,0x03,0xFC,0x03,0xFC,0x0F,0xF0,0x1F,0xE0,0x3F,
0xE0,0xFF,0x80,0x7F,0xFF,0xFC,0x01,0xFF,0xFF,0xE0,
0x03,0xFF,0xFF,0x80,0x07,0xFF,0xF8,0x00,0x0F,0xFF,
0xC0,0x00,0x07,0xF8,0x00,0x00,0x12,0xCA,0x10,0x24,
0x01,0xFE,0x00,0x0F,0xFC,0x07,0xF0,0x00,0x7F,0xE0,
0x1F,0xC0,0x03,0xFF,0x00,0xFF,0x00,0x1F,0xF8,0x03,
0xFC,0x00,0xFF,0xC0,0x0F,0xF0,0x07,0xFE,0x00,0x3F,
0xC0,0x3F,0xF0,0x00,0xFE,0x01,0xFF,0x80,0x03,0xF8,
0x0F,0xFC,0x00,0x1F,0xE0,0x7F,0xE0,0x00,0x7F,0x83,
0xFF,0x00,0x01,0xFE,0x1F,0xF8,0x00,0x07,0xF8,0xFF,
0xC0,0x00,0x1F,0xC7,0xFE,0x00,0x00,0x7F,0x3F,0xF0,
0x00,0x01,0xFD,0xFF,0x80,0x00,0x0F,0xF7,0xFC,0x00,
0x02,0x07,0xFF,0xFF,0x00,0x01,0x03,0xFF,0xFF,0xC0,
0x00,0x0F,0xFE,0x7F,0x80,0x00,0x7F,0xF1,0xFE,0x00,
0x01,0xFF,0x83,0xFC,0x00,0x07,0xFC,0x0F,0xF0,0x00,
0x1F,0xE0,0x1F,0xE0,0x00,0x7F,0x00,0x7F,0x80,0x01,
0xFC,0x00,0xFF,0x00,0x0F,0xF0,0x03,0xFC,0x00,0x3F,
0xC0,0x0F,0xF8,0x00,0xFF,0x00,0x1F,0xE0,0x03,0xFC,
0x00,0x7F,0xC0,0x0F,0xE0,0x00,0xFF,0x00,0x3F,0x80,
0x03,0xFE,0x01,0xFE,0x00,0x07,0xF8,0x07,0xF8,0x00,
0x1F,0xF0,0x1F,0xE0,0x00,0x3F,0xC0,0x0C,0x4A,0x10,
0x1C,0x01,0xFE,0x00,0x40,0x1F,0xC0,0x04,0x83,0xFC,
0x00,0x48,0x3F,0x80,0x05,0x07,0xF8,0x00,0x48,0x7F,
0x00,0x04,0x8F,0xF0,0x00,0x48,0xFE,0x00,0x04,0x9F,
0xE0,0x00,0x49,0xFC,0x00,0x04,0xBF,0xC0,0x00,0x4B,
0xFF,0xFF,0xFB,0xFF,0xFF,0xFE,0x3F,0xFF,0xFF,0x80,
0x17,0x4A,0x10,0x2F,0x80,0x3F,0xFC,0x00,0x03,0xFF,
0xC0,0x7F,0xF8,0x00,0x0F,0xFF,0x81,0xFF,0xF0,0x00,
0x1F,0xFF,0x80,0x7F,0xFC,0x00,0x0F,0xFF,0x80,0xFF,
0xFC,0x00,0x3F,0xFF,0x01,0xFF,0xF8,0x00,0x7E,0xFE,
0x03,0xFF,0xF0,0x01,0xFF,0xFC,0x0F,0xFF,0xE0,0x03,
0xFF,0xF8,0x1F,0xFF,0xC0,0x0F,0xEF,0xE0,0x3F,0x9F,
0xC0,0x1F,0xDF,0xC0,0x7F,0x3F,0x80,0x7F,0x3F,0x80,
0xFE,0x7F,0x00,0xFE,0xFF,0x20,0x3F,0x9F,0xC0,0x7F,
0x3F,0xC8,0x1F,0xE7,0xF8,0x3F,0x8F,0xE0,0x3F,0x8F,
0xF0,0xFF,0x1F,0xC4,0x0F,0xE1,0xFC,0x3F,0x8F,0xF0,
0x1F,0xC3,0xF8,0xFE,0x1F,0xE0,0x7F,0x87,0xF1,0xFC,
0x3F,0x80,0xFF,0x0F,0xE7,0xF0,0x7F,0x01,0xFC,0x0F,
0xCF,0xE0,0xFE,0x03,0xF8,0x1F,0x9F,0x83,0xFC,0x07,
0xF0,0x3F,0x7F,0x07,0xF8,0x0F,0xE0,0x7E,0xFC,0x0F,
0xF0,0x3F,0xC0,0xFF,0xF8,0x1F,0xC0,0x7F,0x81,0xFF,
0xE0,0x3F,0x80,0xFE,0x01,0xFF,0xC0,0x7F,0x01,0xFC,
0x03,0xFF,0x01,0xFE,0x08,0x7F,0x00,0xFF,0x80,0x7F,
0x81,0xFE,0x01,0xFE,0x00,0xFE,0x03,0xFC,0x01,0xFC,
0x01,0xFC,0x07,0xF8,0x03,0xF0,0x03,0xF8,0x00,0x13,
0x4A,0x10,0x26,0x01,0xFF,0x00,0x01,0xFF,0x00,0x7F,
0xC0,0x00,0x7F,0x40,0x3F,0xF8,0x00,0x3F,0xD0,0x0F,
0xFF,0x00,0x0F,0xF4,0x03,0xFF,0xE0,0x03,0xF9,0x01,
0xFF,0xFC,0x01,0xFE,0x03,0xFB,0xF8,0x03,0xFC,0x07,
0xF3,0xF8,0x07,0xF8,0x0F,0xE7,0xF0,0x0F,0xE0,0x1F,
0xCF,0xF0,0x1F,0xC0,0x3F,0x8F,0xE0,0x7F,0x88,0x1F,
0xE3,0xFC,0x1F,0xE0,0x3F,0xC3,0xFC,0x3F,0xC0,0x7F,
0x07,0xF8,0x7F,0x00,0xFE,0x07,0xF0,0xFE,0x01,0xFC,
0x0F,0xF1,0xFC,0x07,0xF8,0x0F,0xE7,0xF8,0x0F,0xF0,
0x1F,0xEF,0xF0,0x1F,0xE0,0x1F,0xDF,0xE0,0x3F,0xC0,
0x3F,0xBF,0x80,0x7F,0x00,0x3F,0x7F,0x00,0xFE,0x00,
0x7F,0xFE,0x03,0xFC,0x00,0xFF,0xFC,0x10,0xFF,0x00,
0x1F,0xFF,0x01,0xFE,0x00,0x1F,0xFC,0x03,0xF8,0x00,
0x3F,0xF8,0x07,0xF0,0x00,0x3F,0xF0,0x1F,0xE0,0x00,
0x7F,0xE0,0x47,0xF8,0x00,0x0F,0xF8,0x00,0x11,0x4A,
0x30,0x27,0x00,0x00,0xFF,0x80,0x00,0x00,0xFF,0xFE,
0x00,0x00,0x7F,0xFF,0xF0,0x00,0x1F,0xFF,0xFF,0x00,
0x0F,0xFF,0xFF,0xF0,0x03,0xFF,0xFF,0xFF,0x00,0xFF,
0xFF,0xFF,0xE0,0x1F,0xFC,0x0F,0xFE,0x07,0xFE,0x00,
0x7F,0xC1,0xFF,0x00,0x07,0xFC,0x3F,0xC0,0x00,0x7F,
0x8F,0xF8,0x00,0x0F,0xF1,0xFE,0x00,0x00,0xFF,0x0F,
0xF0,0x00,0x03,0xF9,0xFC,0x00,0x00,0x7F,0x8F,0xF0,
0x00,0x01,0xFD,0xFE,0x00,0x00,0x7F,0xC7,0xF0,0x00,
0x01,0xFE,0xFE,0x00,0x00,0x3F,0xA3,0xF8,0x00,0x01,
0xFE,0x7F,0x00,0x00,0x7F,0x8F,0xF0,0x00,0x1F,0xF1,
0xFE,0x00,0x03,0xFC,0x3F,0xE0,0x00,0xFF,0x83,0xFE,
0x00,0x7F,0xE0,0x7F,0xF0,0x3F,0xF8,0x07,0xFF,0xFF,
0xFF,0x00,0xFF,0xFF,0xFF,0xC0,0x0F,0xFF,0xFF,0xF0,
0x00,0xFF,0xFF,0xF8,0x00,0x0F,0xFF,0xFE,0x00,0x00,
0x7F,0xFF,0x00,0x00,0x01,0xFF,0x00,0x00,0x0F,0xCA,
0x10,0x20,0x01,0xFF,0xFF,0x80,0x01,0xFF,0xFF,0xF0,
0x01,0xFF,0xFF,0xF8,0x03,0xFF,0xFF,0xFC,0x03,0xFF,
0xFF,0xFE,0x03,0xFF,0xFF,0xFF,0x03,0xF8,0x03,0xFF,
0x03,0xF8,0x01,0xFF,0x03,0xF8,0x00,0xFF,0x07,0xF8,
0x00,0xFF,0x80,0xFF,0x00,0x0F,0xE0,0xFE,0x00,0x0F,
0xF0,0x1F,0xC0,0x03,0xFC,0x1F,0xC0,0x07,0xF8,0x3F,
0xC0,0x07,0xF8,0x3F,0xC0,0x0F,0xF0,0x3F,0xC0,0x3F,
0xF0,0x3F,0xFF,0xFF,0xE0,0x3F,0xFF,0xFF,0xC0,0x3F,
0xFF,0xFF,0x80,0x7F,0xFF,0xFF,0x00,0x7F,0xFF,0xFC,
0x00,0x7F,0xFF,0xE0,0x02,0x4F,0xE0,0x00,0x00,0x4B,
0xFC,0x00,0x00,0x09,0x7F,0x00,0x00,0x01,0x3F,0xE0,
0x00,0x00,0x00,0x11,0x4E,0x3F,0xA7,0x00,0x00,0xFF,
0x80,0x00,0x00,0xFF,0xFE,0x00,0x00,0x7F,0xFF,0xF0,
0x00,0x1F,0xFF,0xFF,0x00,0x0F,0xFF,0xFF,0xF0,0x03,
0xFF,0xFF,0xFF,0x00,0xFF,0xFF,0xFF,0xE0,0x1F,0xFC,
0x0F,0xFE,0x07,0xFE,0x00,0x7F,0xC1,0xFF,0x00,0x07,
0xFC,0x3F,0xC0,0x00,0x7F,0x8F,0xF8,0x00,0x0F,0xF1,
0xFE,0x00,0x00,0xFF,0x0F,0xF0,0x00,0x03,0xF9,0xFC,
0x00,0x00,0x7F,0x8F,0xF0,0x00,0x01,0xFD,0xFE,0x00,
0x00,0x7F,0xC7,0xF0,0x00,0x01,0xFE,0xFE,0x00,0x00,
0x3F,0xA3,0xF8,0x00,0x01,0xFE,0x7F,0x01,0xF8,0x7F,
0x8F,0xF0,0x1F,0x9F,0xF1,0xFE,0x03,0xF3,0xFC,0x3F,
0xE0,0x3F,0xFF,0x83,0xFE,0x03,0xFF,0xE0,0x7F,0xF0,
0x7F,0xF8,0x20,0xFF,0xFF,0xFF,0xC0,0x0F,0xFF,0xFF,
0xE0,0x00,0xFF,0xFF,0xFC,0x00,0x0F,0xFF,0xFF,0xC0,
0x00,0x7F,0xFF,0xF8,0x00,0x01,0xFF,0x3F,0x80,0x00,
0x00,0x03,0xF0,0x00,0x00,0x00,0x7F,0x80,0x0F,0xCA,
0x10,0x21,0x01,0xFF,0xFF,0xC0,0x01,0xFF,0xFF,0xF0,
0x01,0xFF,0xFF,0xFC,0x03,0xFF,0xFF,0xFC,0x03,0xFF,
0xFF,0xFE,0x03,0xFF,0xFF,0xFF,0x03,0xF8,0x03,0xFF,
0x80,0x7F,0x00,0x1F,0xF2,0x1F,0xE0,0x01,0xFC,0x1F,
0xC0,0x01,0xFE,0x03,0xF8,0x00,0x7F,0x83,0xF8,0x00,
0xFF,0x07,0xF8,0x01,0xFF,0x07,0xF8,0x07,0xFE,0x07,
0xFF,0xFF,0xFE,0x07,0xFF,0xFF,0xFC,0x07,0xFF,0xFF,
0xF8,0x07,0xFF,0xFF,0xE0,0x41,0xFF,0xFF,0xF0,0x01,
0xFE,0x07,0xF8,0x01,0xFC,0x07,0xF8,0x01,0xFC,0x07,
0xFC,0x01,0xFC,0x03,0xFC,0x03,0xFC,0x03,0xFC,0x08,
0x7F,0x80,0x3F,0xC0,0x7F,0x00,0x3F,0xC1,0x0F,0xE0,
0x03,0xFC,0x1F,0xE0,0x03,0xFE,0x1F,0xE0,0x01,0xFE,
0x1F,0xE0,0x01,0xFF,0x00,0x0F,0x4A,0x20,0x21,0x00,
0x01,0xFF,0x00,0x00,0x1F,0xFF,0x80,0x00,0xFF,0xFF,
0xC0,0x07,0xFF,0xFF,0xC0,0x1F,0xFF,0xFF,0xC0,0x7F,
0xFF,0xFF,0xC0,0xFF,0x80,0xFF,0x83,0xFC,0x00,0xFF,
0x07,0xF0,0x00,0xFF,0x03,0xFC,0x00,0x3F,0xC0,0xFF,
0x00,0x00,0x01,0xFF,0x80,0x00,0x03,0xFF,0xC0,0x00,
0x07,0xFF,0xF8,0x00,0x07,0xFF,0xFE,0x00,0x07,0xFF,
0xFF,0x00,0x07,0xFF,0xFF,0x80,0x07,0xFF,0xFF,0x80,
0x01,0xFF,0xFF,0x00,0x00,0x3F,0xFF,0x00,0x00,0x0F,
0xFE,0x00,0x00,0x07,0xFC,0x00,0x00,0x07,0xF8,0x00,
0x00,0x07,0xF1,0xFC,0x00,0x0F,0xE3,0xF8,0x00,0x3F,
0xC7,0xF0,0x00,0x7F,0x0F,0xF0,0x01,0xFE,0x1F,0xF8,
0x0F,0xFC,0x3F,0xFF,0xFF,0xF0,0x3F,0xFF,0xFF,0xC0,
0x3F,0xFF,0xFF,0x00,0x3F,0xFF,0xFC,0x00,0x1F,0xFF,
0xE0,0x00,0x07,0xFE,0x00,0x00,0x0F,0x4A,0x50,0x21,
0x3F,0xFF,0xFF,0xFF,0x5F,0xFF,0xFF,0xFF,0xBF,0xFF,
0xFF,0xFE,0x00,0x0F,0xE0,0x01,0x20,0x07,0xF8,0x00,
0x48,0x01,0xFC,0x00,0x12,0x00,0xFF,0x00,0x05,0x00,
0x3F,0x80,0x01,0x20,0x1F,0xE0,0x00,0x48,0x07,0xF0,
0x00,0x12,0x03,0xFC,0x00,0x04,0x80,0xFE,0x00,0x01,
0x20,0x7F,0x80,0x00,0x40,0x1F,0xC0,0x00,0x00,0x11,
0x4A,0x30,0x25,0x07,0xF8,0x00,0x0F,0xF0,0x1F,0xC0,
0x00,0x7F,0x87,0xF8,0x00,0x0F,0xF8,0x1F,0xE0,0x00,
0x3F,0x83,0xF8,0x00,0x07,0xF4,0x0F,0xE0,0x00,0x3F,
0xC3,0xFC,0x00,0x07,0xFA,0x0F,0xF0,0x00,0x1F,0xC9,
0x3F,0x80,0x00,0xFF,0x0F,0xF0,0x00,0x1F,0xE4,0x3F,
0xC0,0x00,0x7F,0x12,0xFE,0x00,0x03,0xFC,0x3F,0xC0,
0x00,0x7F,0x88,0xFF,0x00,0x01,0xFC,0x23,0xFC,0x00,
0x0F,0xF0,0x7F,0x80,0x03,0xFC,0x0F,0xF0,0x00,0xFF,
0x81,0xFF,0x00,0x3F,0xF0,0x1F,0xF8,0x1F,0xFC,0x08,
0x7F,0xFF,0xFF,0xE0,0x07,0xFF,0xFF,0xF8,0x00,0x7F,
0xFF,0xFC,0x00,0x07,0xFF,0xFF,0x00,0x00,0x3F,0xFF,
0x80,0x00,0x00,0xFF,0x80,0x00,0x00,0x11,0xCA,0x50,
0x25,0x7F,0x80,0x00,0x1F,0xF7,0xF8,0x00,0x01,0xFE,
0x7F,0xC0,0x00,0x3F,0xE8,0x7F,0x80,0x00,0x7F,0x90,
0xFF,0x00,0x01,0xFE,0x0F,0xF0,0x00,0x3F,0xC0,0xFF,
0x80,0x03,0xFC,0x20,0xFF,0x00,0x0F,0xF0,0x41,0xFE,
0x00,0x3F,0xC0,0x1F,0xE0,0x07,0xF8,0x00,0xFF,0x00,
0x7F,0x80,0x81,0xFE,0x01,0xFE,0x01,0x03,0xFC,0x07,
0xF8,0x00,0x3F,0xC0,0xFF,0x00,0x01,0xFE,0x0F,0xF0,
0x00,0x1F,0xE0,0xFE,0x00,0x01,0xFE,0x1F,0xE0,0x00,
0x1F,0xE1,0xFC,0x00,0x01,0xFE,0x3F,0xC0,0x00,0x0F,
0xE3,0xF8,0x00,0x00,0xFE,0x7F,0x80,0x02,0x01,0xFC,
0xFE,0x00,0x00,0x1F,0xDF,0xC0,0x00,0x01,0xFF,0xFC,
0x00,0x04,0x01,0xFF,0xF0,0x00,0x08,0x03,0xFF,0xC0,
0x00,0x00,0x3F,0xF8,0x00,0x00,0x01,0xFF,0x80,0x00,
0x00,0x18,0xCA,0x50,0x34,0x7F,0x80,0x03,0xFC,0x00,
0x3F,0xDF,0xE0,0x01,0xFF,0x00,0x0F,0xF7,0xF8,0x00,
0x7F,0xC0,0x07,0xFA,0x3F,0xC0,0x07,0xFE,0x00,0x3F,
0xC7,0xF0,0x01,0xFF,0x80,0x1F,0xE1,0xFE,0x00,0xFF,
0xE0,0x07,0xF8,0x7F,0x80,0x3F,0xF8,0x03,0xFC,0x1F,
0xE0,0x1F,0xFE,0x00,0xFF,0x07,0xF8,0x07,0xFF,0x80,
0x3F,0x81,0xFE,0x03,0xFF,0xE0,0x1F,0xE0,0x7F,0x80,
0xFD,0xF8,0x07,0xF8,0x1F,0xE0,0x3F,0x7F,0x03,0xFC,
0x07,0xF8,0x1F,0xDF,0xC0,0xFF,0x01,0xFE,0x07,0xE7,
0xF0,0x3F,0x80,0x3F,0x83,0xF9,0xFC,0x1F,0xE0,0x0F,
0xE0,0xFE,0x7F,0x07,0xF0,0x03,0xF8,0x3F,0x1F,0xC3,
0xFC,0x00,0xFE,0x1F,0xC7,0xF0,0xFF,0x00,0x3F,0x87,
0xF1,0xFC,0x3F,0x80,0x0F,0xE3,0xF8,0x3F,0x1F,0xE0,
0x03,0xF8,0xFE,0x0F,0xC7,0xF0,0x00,0xFE,0x3F,0x03,
0xF1,0xFC,0x00,0x3F,0x9F,0xC0,0xFC,0xFE,0x00,0x0F,
0xE7,0xE0,0x3F,0x3F,0x80,0x01,0xF9,0xF8,0x0F,0xCF,
0xE0,0x00,0x7E,0xFE,0x03,0xF7,0xF0,0x00,0x1F,0xBF,
0x00,0xFD,0xFC,0x00,0x07,0xEF,0xC0,0x3F,0x7E,0x00,
0x01,0xFF,0xE0,0x0F,0xFF,0x80,0x04,0x0F,0xFF,0x00,
0x3F,0xF8,0x00,0x03,0xFF,0x80,0x0F,0xFE,0x00,0x00,
0xFF,0xE0,0x03,0xFF,0x00,0x00,0x3F,0xF0,0x00,0xFF,
0xC0,0x00,0x07,0xFC,0x00,0x3F,0xE0,0x00,0x01,0xFE,
0x00,0x0F,0xF8,0x00,0x00,0x13,0xCB,0xF0,0x25,0x00,
0xFF,0x80,0x01,0xFF,0x00,0x7F,0x80,0x03,0xFE,0x00,
0x7F,0xC0,0x03,0xFC,0x00,0x3F,0xC0,0x07,0xFC,0x00,
0x3F,0xE0,0x0F,0xF8,0x00,0x1F,0xE0,0x1F,0xF0,0x00,
0x1F,0xF0,0x3F,0xE0,0x00,0x0F,0xF0,0x3F,0xC0,0x00,
0x0F,0xF0,0x7F,0x80,0x00,0x07,0xF8,0xFF,0x80,0x00,
0x07,0xF9,0xFF,0x00,0x00,0x03,0xF9,0xFE,0x00,0x00,
0x03,0xFF,0xFC,0x00,0x00,0x01,0xFF,0xF8,0x00,0x00,
0x01,0xFF,0xF0,0x00,0x00,0x00,0xFF,0xF0,0x00,0x00,
0x00,0xFF,0xE0,0x00,0x80,0x00,0x0F,0xF8,0x00,0x00,
0x00,0x1F,0xF8,0x00,0x00,0x00,0x3F,0xFC,0x00,0x00,
0x00,0x7F,0xFC,0x00,0x00,0x00,0xFF,0xFE,0x00,0x00,
0x00,0xFF,0xFF,0x00,0x00,0x01,0xFE,0xFF,0x00,0x00,
0x03,0xFC,0xFF,0x80,0x00,0x07,0xF8,0x7F,0x80,0x00,
0x0F,0xF8,0x7F,0xC0,0x00,0x1F,0xF0,0x3F,0xC0,0x00,
0x3F,0xE0,0x3F,0xE0,0x00,0x3F,0xC0,0x1F,0xE0,0x00,
0x7F,0x80,0x1F,0xF0,0x00,0xFF,0x80,0x0F,0xF0,0x01,
0xFF,0x00,0x0F,0xF8,0x03,0xFE,0x00,0x07,0xF8,0x07,
0xFC,0x00,0x07,0xFC,0x0F,0xF8,0x00,0x07,0xFC,0x00,
0x11,0x4A,0x50,0x25,0x7F,0xC0,0x00,0x3F,0xE7,0xF8,
0x00,0x0F,0xF8,0xFF,0x00,0x03,0xFE,0x1F,0xF0,0x00,
0x7F,0xC1,0xFE,0x00,0x1F,0xF0,0x3F,0xC0,0x07,0xFC,
0x03,0xFC,0x00,0xFF,0x00,0x7F,0x80,0x3F,0xE0,0x07,
0xF0,0x0F,0xF8,0x00,0xFF,0x01,0xFE,0x00,0x1F,0xE0,
0x7F,0x80,0x01,0xFE,0x1F,0xF0,0x00,0x3F,0xC3,0xFC,
0x00,0x03,0xF8,0xFF,0x00,0x20,0x0F,0xF7,0xF8,0x00,
0x00,0xFF,0xFE,0x00,0x00,0x1F,0xFF,0x80,0x02,0x00,
0x3F,0xFC,0x00,0x00,0x03,0xFF,0x00,0x01,0x00,0x0F,
0xF8,0x00,0x00,0x00,0xFE,0x00,0x00,0x90,0x07,0xF8,
0x00,0x02,0x40,0x1F,0xC0,0x00,0x09,0x00,0xFF,0x00,
0x00,0x24,0x03,0xF8,0x00,0x00,0x00,0xFF,0x00,0x00,
0x00,0x10,0xCA,0x10,0x21,0xA0,0x7F,0xFF,0xFF,0xF8,
0x1F,0xFF,0xFF,0xFC,0x0F,0xFF,0xFF,0xFF,0x00,0x00,
0x00,0xFF,0x80,0x00,0x00,0x7F,0xC0,0x00,0x00,0x1F,
0xE0,0x00,0x00,0x0F,0xF0,0x00,0x00,0x07,0xF8,0x00,
0x00,0x03,0xFE,0x00,0x00,0x01,0xFF,0x00,0x00,0x00,
0xFF,0x80,0x00,0x00,0x7F,0xC0,0x00,0x00,0x1F,0xE0,
0x00,0x00,0x0F,0xF0,0x00,0x00,0x07,0xFC,0x00,0x00,
0x03,0xFE,0x00,0x00,0x01,0xFF,0x00,0x00,0x00,0xFF,
0x80,0x00,0x00,0x3F,0xC0,0x00,0x00,0x1F,0xE0,0x00,
0x00,0x0F,0xF0,0x00,0x00,0x07,0xFC,0x00,0x00,0x03,
0xFE,0x00,0x00,0x01,0xFF,0x00,0x00,0x00,0xFF,0x80,
0x00,0x00,0x3F,0xC0,0x00,0x00,0x1F,0xE0,0x00,0x00,
0x0F,0xF8,0x00,0x00,0x07,0xFF,0xFF,0xFF,0x04,0xFF,
0xFF,0xFF,0xF8,0x23,0xFF,0xFF,0xFF,0x80,0x09,0xDC,
0x1E,0x53,0xC0,0x1F,0xFE,0x03,0xFC,0x18,0x07,0xF0,
0x30,0x1F,0xC0,0x60,0x7F,0x00,0xC1,0xFC,0x01,0x87,
0xF0,0x02,0x5F,0xC0,0x04,0xBF,0xFC,0x09,0xFF,0xF0,
0x00,0x05,0x58,0x5E,0x93,0xCF,0xC1,0xFC,0x6B,0xF1,
0x0F,0xC1,0xFC,0xD3,0xF0,0x7E,0x41,0xFD,0xA3,0xF0,
0x7E,0x81,0xFF,0x43,0xF0,0x0A,0x5D,0xFE,0x53,0x00,
0x7F,0xFD,0x80,0xFF,0xF0,0x00,0x7F,0xAC,0x00,0x7F,
0x00,0x07,0xF9,0x60,0x07,0xF0,0x00,0x7F,0x8B,0x00,
0x7F,0x00,0x07,0xF8,0x58,0x07,0xF0,0x00,0x7F,0x82,
0xC0,0x7F,0x00,0x07,0xF8,0x12,0x07,0xF0,0x12,0xFF,
0xF0,0x13,0xFF,0xE0,0x00,0x0A,0xA0,0x35,0x18,0x80,
0x07,0xF0,0x40,0x07,0xFC,0x00,0x3F,0xF0,0x01,0xFF,
0xE0,0x07,0xCF,0x80,0x3F,0x3E,0x01,0xF8,0xF8,0x07,
0xC1,0xF0,0x3F,0x07,0xC0,0xF8,0x1F,0x07,0xE0,0x7E,
0x87,0xE0,0x1F,0x3F,0x00,0x7E,0x0C,0x8D,0xDE,0x98,
0x3F,0xFF,0xFF,0xCF,0xFF,0xFF,0xEA,0xFF,0xFF,0xFF,
0x00,0x04,0x90,0x87,0xD2,0x7F,0x21,0xF9,0x07,0xE0,
0xF8,0x3F,0x07,0xC0,0x0E,0xB8,0x20,0x20,0x00,0x1F,
0xC3,0xFC,0x01,0xFF,0x8F,0xE0,0x1F,0xFF,0x3F,0x80,
0xFF,0xFE,0xFE,0x07,0xFF,0xFB,0xF8,0x3F,0xFF,0xFF,
0xE0,0xFF,0x83,0xFF,0x87,0xF8,0x07,0xFC,0x1F,0xE0,
0x0F,0xF0,0xFF,0x00,0x3F,0xC3,0xF8,0x00,0xFF,0x27,
0xFC,0x00,0x7F,0x93,0xFC,0x00,0x3F,0x87,0xF0,0x01,
0xFE,0x1F,0xE0,0x07,0xF8,0x7F,0x80,0x3F,0xE1,0xFE,
0x01,0xFF,0x07,0xFC,0x0F,0xFC,0x1F,0xFF,0xFF,0xF0,
0x3F,0xFF,0xDF,0xC0,0x7F,0xFE,0xFF,0x01,0xFF,0xF3,
0xFC,0x01,0xFF,0x8F,0xE0,0x03,0xF8,0x3F,0x80,0x0E,
0xCA,0x10,0x20,0x80,0x3F,0x80,0x00,0x40,0x3F,0xC0,
0x00,0x28,0x1F,0xC0,0x00,0x00,0xFF,0x00,0x00,0x03,
0xFC,0x3F,0x80,0x0F,0xE3,0xFF,0x80,0x3F,0x9F,0xFF,
0x00,0xFE,0xFF,0xFE,0x03,0xFF,0xFF,0xF8,0x0F,0xFF,
0xFF,0xF0,0x7F,0xF0,0x7F,0xC1,0xFF,0x80,0xFF,0x07,
0xFC,0x01,0xFE,0x1F,0xE0,0x07,0xFC,0x0F,0xE0,0x03,
0xFC,0x7F,0x80,0x0F,0xF1,0xFC,0x00,0x3F,0xE0,0xFE,
0x00,0x1F,0xD0,0x7F,0x00,0x1F,0xE8,0x7F,0x80,0x1F,
0xE1,0xFF,0x00,0xFF,0x07,0xFE,0x0F,0xFC,0x43,0xFF,
0xFF,0xFC,0x1F,0xEF,0xFF,0xE0,0x7F,0x3F,0xFF,0x01,
0xFC,0x7F,0xF0,0x07,0xF0,0x7F,0x00,0x00,0x0D,0x38,
0x20,0x1D,0x00,0x0F,0xF0,0x00,0x0F,0xFF,0xC0,0x03,
0xFF,0xFC,0x01,0xFF,0xFF,0xC0,0x7F,0xFF,0xFC,0x1F,
0xFF,0xFF,0x83,0xFE,0x07,0xF8,0xFF,0x80,0xFF,0x1F,
0xE0,0x0F,0xE7,0xF8,0x01,0xF8,0xFF,0x00,0x00,0x4F,
0xF8,0x00,0x01,0x3F,0xC0,0x00,0x03,0xF8,0x00,0x80,
0x7F,0x00,0x1F,0x0F,0xF0,0x07,0xF9,0xFE,0x01,0xFE,
0x1F,0xE0,0x7F,0xC3,0xFF,0xFF,0xF0,0x3F,0xFF,0xFC,
0x07,0xFF,0xFF,0x00,0x7F,0xFF,0xC0,0x03,0xFF,0xE0,
0x00,0x1F,0xE0,0x00,0x0F,0x4A,0x20,0x20,0x80,0x00,
0x00,0x1F,0xE0,0x00,0x00,0x0F,0xFA,0x00,0x00,0x03,
0xF8,0x00,0x00,0x0F,0xF0,0x00,0xFC,0x1F,0xE0,0x0F,
0xFE,0x3F,0x80,0x3F,0xFE,0x7F,0x00,0xFF,0xFE,0xFE,
0x03,0xFF,0xFD,0xFC,0x0F,0xFF,0xFF,0xF8,0x1F,0xF0,
0x3F,0xF0,0x7F,0xC0,0x3F,0xC1,0xFF,0x00,0x7F,0x88,
0x7F,0x80,0x1F,0xE1,0xFE,0x00,0x1F,0xC4,0x7F,0x80,
0x0F,0xF1,0x1F,0xC0,0x03,0xF8,0x4F,0xF0,0x01,0xFE,
0x0F,0xF0,0x07,0xFC,0x1F,0xE0,0x1F,0xF0,0x3F,0xE0,
0xFF,0xE0,0x3F,0xFF,0xFF,0xC0,0x7F,0xFF,0xBF,0x80,
0x7F,0xFE,0xFF,0x00,0x7F,0xFD,0xFE,0x00,0x7F,0xE3,
0xF8,0x00,0x3F,0x07,0xF0,0x00,0x0D,0x3A,0x2F,0xDE,
0x00,0x07,0xF0,0x00,0x07,0xFF,0xC0,0x03,0xFF,0xFC,
0x00,0xFF,0xFF,0xC0,0x3F,0xFF,0xFC,0x0F,0xFF,0xFF,
0x83,0xFE,0x0F,0xF0,0xFF,0x00,0xFF,0x1F,0xC0,0x0F,
0xC7,0xF8,0x01,0xF8,0xFE,0x00,0x7F,0x1F,0xC0,0x7F,
0xE7,0xFF,0xFF,0xF8,0xFF,0xFF,0xFC,0x1F,0xFF,0xFE,
0x03,0xFF,0xF8,0x00,0x9F,0xE0,0x00,0x01,0xFC,0x00,
0x40,0x3F,0xC0,0x1F,0xE7,0xF8,0x07,0xF8,0x7F,0xC3,
0xFF,0x0F,0xFF,0xFF,0xC0,0xFF,0xFF,0xF0,0x0F,0xFF,
0xFC,0x00,0xFF,0xFE,0x00,0x07,0xFF,0x00,0x00,0x04,
0x00,0x00,0x0E,0xE5,0xBD,0x54,0x00,0x00,0x03,0xF8,
0x00,0x00,0x3F,0xF0,0x00,0x03,0xFF,0x80,0x00,0x1F,
0xFE,0x80,0x00,0x1F,0xFE,0x00,0x00,0xFF,0x00,0x00,
0x03,0xF8,0x00,0x00,0x1F,0xE0,0x10,0x00,0x0F,0xE0,
0x08,0x00,0xFF,0xFF,0xC4,0x00,0xFF,0xFF,0xE2,0x00,
0x7F,0xFF,0xE1,0x00,0x01,0xFC,0x00,0x90,0x01,0xFE,
0x00,0x50,0x00,0xFE,0x00,0x20,0x00,0xFF,0x00,0x14,
0x00,0x7F,0x00,0x08,0x00,0x7F,0x80,0x05,0x00,0x3F,
0x80,0x02,0x00,0x3F,0xC0,0x01,0x00,0x1F,0xC0,0x00,
0x00,0xFF,0x00,0x00,0x07,0xF8,0x00,0x01,0xFF,0xE0,
0x00,0x07,0xFF,0x00,0x00,0x3F,0xFC,0x00,0x00,0xFF,
0xE0,0x00,0x03,0xFE,0x00,0x00,0x1F,0xE0,0x00,0x00,
0x0F,0xCC,0x0D,0xA0,0x00,0x07,0xE0,0xFF,0x00,0x3F,
0xF8,0xFF,0x00,0x7F,0xFC,0xFE,0x00,0xFF,0xFE,0xFE,
0x01,0xFF,0xFE,0xFE,0x03,0xFF,0xFF,0xFE,0x03,0xFE,
0x07,0xFE,0x07,0xFC,0x03,0xFE,0x07,0xF8,0x03,0xFC,
0x81,0xFE,0x00,0x7F,0x81,0xFC,0x00,0x3F,0x90,0x7F,
0x80,0x0F,0xF2,0x4F,0xE0,0x01,0xFC,0x41,0xFC,0x00,
0x7F,0x81,0xFE,0x00,0xFF,0x81,0xFE,0x01,0xFF,0x01,
0xFF,0x03,0xFF,0x00,0xFF,0xFF,0xFF,0x00,0xFF,0xFF,
0x7F,0x00,0x7F,0xFE,0x7F,0x00,0x3F,0xFC,0xFF,0x00,
0x1F,0xF8,0xFE,0x00,0x07,0xF0,0xFE,0x00,0x00,0x00,
0xFE,0x00,0x00,0x01,0xFE,0x00,0x70,0x03,0xFC,0x07,
0xF8,0x0F,0xFC,0x07,0xFF,0xFF,0xF8,0x03,0xFF,0xFF,
0xF0,0x01,0xFF,0xFF,0xE0,0x00,0xFF,0xFF,0xC0,0x00,
0x7F,0xFF,0x00,0x00,0x0F,0xF8,0x00,0x00,0x0E,0x4A,
0x10,0x1F,0x80,0x3F,0x80,0x00,0x03,0xFC,0x00,0x05,
0x83,0xF8,0x00,0x00,0x3F,0xC0,0x00,0x01,0xFC,0x1F,
0xC0,0x0F,0xE3,0xFF,0x80,0x7F,0x3F,0xFE,0x03,0xFB,
0xFF,0xF8,0x1F,0xFF,0xFF,0xC0,0xFF,0xFF,0xFF,0x0F,
0xFC,0x0F,0xF8,0x7F,0xC0,0x3F,0xC3,0xFC,0x01,0xFF,
0x03,0xF8,0x01,0xFE,0x1F,0xC0,0x0F,0xE8,0x3F,0xC0,
0x0F,0xE1,0xFC,0x00,0x7F,0x41,0xFC,0x00,0xFF,0x0F,
0xE0,0x07,0xF2,0x1F,0xE0,0x07,0xF0,0xFE,0x00,0x3F,
0x92,0xFE,0x00,0x7F,0x91,0xFE,0x00,0x7F,0x0F,0xE0,
0x03,0xF8,0x7F,0x00,0x3F,0xC0,0x06,0xCE,0x10,0x0E,
0x00,0x78,0x03,0xF0,0x1F,0xE4,0x1F,0xE0,0x3F,0x00,
0x79,0x20,0x00,0x07,0xFA,0x83,0xF9,0x23,0xFC,0xA1,
0xFC,0x41,0xFE,0x28,0xFE,0x10,0xFF,0x0A,0x7F,0x04,
0x7F,0x82,0x3F,0x80,0x09,0xE3,0xBD,0x8E,0x00,0x01,
0xE8,0x00,0x0F,0xF2,0x00,0x3F,0xC0,0x01,0xF8,0x00,
0x0F,0x24,0x00,0x00,0x00,0x0F,0xF5,0x00,0x1F,0xC8,
0x00,0x7F,0x94,0x00,0xFE,0x24,0x03,0xFC,0x50,0x07,
0xF0,0x80,0x1F,0xE1,0x40,0x3F,0x82,0x00,0xFF,0x05,
0x01,0xFC,0x00,0x3F,0xC0,0x07,0xF8,0x03,0xFF,0x80,
0x3F,0xF0,0x07,0xFF,0x00,0x7F,0xE0,0x07,0xF8,0x00,
0x7C,0x00,0x00,0x0F,0x4A,0x10,0x1D,0x80,0x3F,0x80,
0x00,0x20,0x1F,0xE0,0x00,0x0A,0x07,0xF0,0x00,0x00,
0x1F,0xE0,0x00,0x00,0x3F,0xC0,0x1F,0xF0,0x7F,0x80,
0x7F,0x80,0xFE,0x01,0xFE,0x01,0xFC,0x07,0xF8,0x03,
0xF8,0x1F,0xE0,0x07,0xF0,0x7F,0x80,0x1F,0xE1,0xFE,
0x00,0x3F,0xC7,0xF8,0x00,0x7F,0x1F,0xE0,0x00,0xFE,
0x7F,0x80,0x01,0xFD,0xFE,0x00,0x03,0xFF,0xF8,0x00,
0x0F,0xFF,0xE0,0x00,0x83,0xFF,0xFC,0x00,0x07,0xFF,
0xFC,0x00,0x0F,0xFF,0xFC,0x00,0x1F,0xE7,0xF8,0x00,
0x7F,0x8F,0xF8,0x00,0xFF,0x0F,0xF0,0x01,0xFC,0x1F,
0xF0,0x03,0xF8,0x1F,0xE0,0x07,0xF0,0x3F,0xE0,0x0F,
0xE0,0x3F,0xC0,0x3F,0xC0,0x7F,0xC0,0x7F,0x80,0x7F,
0x80,0xFE,0x00,0xFF,0x81,0xFC,0x00,0xFF,0x80,0x06,
0xCA,0x10,0x0E,0x80,0x3F,0xC0,0x3F,0xE8,0x1F,0xD2,
0x1F,0xEA,0x0F,0xE4,0x0F,0xF2,0x87,0xF1,0x07,0xF8,
0xA3,0xF8,0x43,0xFC,0x29,0xFC,0x11,0xFE,0x08,0xFE,
0x00,0x15,0x38,0x10,0x2E,0x07,0xF0,0x7E,0x00,0xFE,
0x00,0xFE,0x3F,0xE0,0x7F,0xF0,0x1F,0xCF,0xFE,0x1F,
0xFF,0x03,0xFB,0xFF,0xE7,0xFF,0xE0,0x7F,0xFF,0xFD,
0xFF,0xFE,0x1F,0xFF,0xFF,0xFF,0xFF,0xC3,0xFF,0x07,
0xFF,0x07,0xF8,0x7F,0xC0,0x7F,0xC0,0x7F,0x0F,0xF0,
0x0F,0xF0,0x0F,0xF2,0x3F,0x80,0x3F,0x80,0x3F,0x8F,
0xF0,0x0F,0xF0,0x0F,0xF1,0xFE,0x01,0xFC,0x01,0xFF,
0x47,0xF0,0x07,0xF0,0x07,0xF1,0xFE,0x00,0xFE,0x01,
0xFE,0x3F,0xC0,0x3F,0x80,0x3F,0xD4,0xFE,0x00,0xFE,
0x00,0xFE,0x3F,0xC0,0x1F,0xC0,0x3F,0xC7,0xF8,0x07,
0xF0,0x07,0xF9,0x1F,0xC0,0x1F,0xC0,0x1F,0xC0,0x0E,
0x38,0x10,0x1F,0x07,0xF0,0x7F,0x00,0x3F,0x8F,0xFE,
0x01,0xFC,0xFF,0xF8,0x0F,0xEF,0xFF,0xE0,0x7F,0xFF,
0xFF,0x07,0xFF,0xFF,0xF8,0x3F,0xF0,0x3F,0xE1,0xFF,
0x00,0xFF,0x0F,0xF0,0x07,0xFC,0x0F,0xE0,0x07,0xF8,
0x7F,0x00,0x3F,0xA0,0xFF,0x00,0x3F,0x87,0xF0,0x01,
0xFD,0x07,0xF0,0x03,0xFC,0x3F,0x80,0x1F,0xC8,0x7F,
0x80,0x1F,0xC3,0xF8,0x00,0xFE,0x4B,0xF8,0x01,0xFE,
0x47,0xF8,0x01,0xFC,0x3F,0x80,0x0F,0xE1,0xFC,0x00,
0xFF,0x00,0x0D,0xB8,0x20,0x1F,0x00,0x0F,0xF0,0x00,
0x07,0xFF,0xE0,0x00,0xFF,0xFF,0x00,0x3F,0xFF,0xF8,
0x07,0xFF,0xFF,0xC0,0x7F,0xFF,0xFE,0x0F,0xF8,0x3F,
0xE1,0xFF,0x00,0xFE,0x1F,0xE0,0x0F,0xF8,0x7F,0x80,
0x1F,0xEF,0xF0,0x00,0xFF,0x1F,0xE0,0x03,0xFD,0xFC,
0x00,0x3F,0xDF,0xC0,0x03,0xFA,0x3F,0x80,0x0F,0xF3,
0xF8,0x01,0xFE,0x3F,0xC0,0x1F,0xE3,0xFC,0x03,0xFC,
0x1F,0xE0,0x7F,0xC1,0xFF,0xFF,0xF8,0x0F,0xFF,0xFF,
0x00,0xFF,0xFF,0xE0,0x07,0xFF,0xFC,0x00,0x1F,0xFF,
0x00,0x00,0x7F,0x80,0x00,0x0F,0xCD,0xFD,0xA0,0x01,
0xFE,0x1F,0xC0,0x01,0xFC,0x7F,0xF0,0x01,0xFC,0xFF,
0xF8,0x01,0xFD,0xFF,0xFC,0x01,0xFF,0xFF,0xFC,0x03,
0xFF,0xFF,0xFE,0x03,0xFF,0x83,0xFE,0x03,0xFF,0x01,
0xFE,0x03,0xFE,0x00,0xFF,0x03,0xFC,0x00,0xFF,0x03,
0xF8,0x00,0xFF,0x80,0xFF,0x00,0x1F,0xE0,0xFE,0x00,
0x1F,0xF0,0x1F,0xC0,0x03,0xFA,0x03,0xF8,0x00,0xFF,
0x40,0xFF,0x00,0x3F,0xC0,0xFF,0x80,0x7F,0x80,0xFF,
0xC1,0xFF,0x88,0x1F,0xFF,0xFF,0xE0,0x3F,0xDF,0xFF,
0xC0,0x3F,0xCF,0xFF,0x80,0x3F,0x87,0xFE,0x00,0x3F,
0x83,0xF8,0x01,0x07,0xF0,0x00,0x00,0x21,0xFE,0x00,
0x00,0x05,0x3F,0x80,0x00,0x00,0x8F,0xF0,0x00,0x00,
0x00,0x0E,0xCC,0x2D,0xA0,0x00,0x1F,0x83,0xFC,0x03,
0xFF,0x8F,0xE0,0x1F,0xFF,0x3F,0x80,0xFF,0xFE,0xFE,
0x07,0xFF,0xFB,0xF8,0x3F,0xFF,0xFF,0xE0,0xFF,0x81,
0xFF,0x87,0xFC,0x03,0xFC,0x3F,0xE0,0x0F,0xF2,0x1F,
0xE0,0x07,0xF8,0xFF,0x00,0x0F,0xE3,0xFC,0x00,0x7F,
0x8F,0xF0,0x01,0xFC,0x47,0xF0,0x00,0xFE,0x27,0xF8,
0x00,0xFF,0x0F,0xF0,0x07,0xF8,0x3F,0xC0,0x3F,0xE0,
0xFF,0x83,0xFF,0x81,0xFF,0xFF,0xFE,0x07,0xFF,0xFB,
0xF8,0x0F,0xFF,0xDF,0xE0,0x1F,0xFE,0x7F,0x80,0x3F,
0xF1,0xFC,0x00,0x3F,0x07,0xF0,0x40,0x00,0x03,0xF8,
0x20,0x00,0x03,0xFC,0x14,0x00,0x01,0xFC,0x08,0x00,
0x01,0xFE,0x00,0x0A,0xB8,0x10,0x14,0x07,0xF0,0x7C,
0x1F,0xC7,0xF0,0x7F,0x3F,0x81,0xFD,0xFE,0x07,0xFF,
0xFA,0x07,0xFF,0xFC,0x1F,0xFC,0x10,0x7F,0xC0,0x01,
0xFE,0x00,0x40,0xFE,0x00,0x20,0xFF,0x00,0x14,0x7F,
0x00,0x08,0x7F,0x80,0x05,0x3F,0x80,0x02,0x3F,0xC0,
0x01,0x1F,0xC0,0x00,0x0C,0xB8,0x10,0x1C,0x00,0x0F,
0xF0,0x00,0x1F,0xFF,0x80,0x1F,0xFF,0xF0,0x0F,0xFF,
0xFE,0x07,0xFF,0xFF,0x81,0xFF,0xFF,0xF0,0xFF,0x81,
0xFC,0x3F,0x80,0x3F,0x0F,0xE0,0x0E,0x07,0xF8,0x00,
0x01,0xFF,0x00,0x00,0x3F,0xFC,0x00,0x0F,0xFF,0xF0,
0x01,0xFF,0xFF,0x80,0x3F,0xFF,0xF0,0x03,0xFF,0xFE,
0x00,0x0F,0xFF,0x80,0x00,0x3F,0xE0,0x00,0x03,0xF9,
0xFC,0x00,0xFE,0x7F,0x00,0x7F,0x9F,0xE0,0x3F,0xE7,
0xFF,0xFF,0xF0,0xFF,0xFF,0xF8,0x1F,0xFF,0xFC,0x03,
0xFF,0xFE,0x00,0x7F,0xFE,0x00,0x03,0xFE,0x00,0x08,
0xC6,0x20,0x12,0x01,0xFC,0x20,0x1F,0xE1,0x40,0xFE,
0x08,0x7F,0xFF,0xBF,0xFF,0xF3,0xFF,0xFE,0x91,0xFE,
0x04,0x8F,0xE0,0x24,0xFF,0x01,0x27,0xF0,0x0A,0x7F,
0x80,0x4B,0xFF,0xC0,0x7F,0xF0,0x0F,0xFC,0x00,0xFF,
0x00,0x0E,0x38,0x20,0x1F,0x0F,0xF0,0x03,0xFC,0x0F,
0xE0,0x03,0xFC,0x0F,0xE0,0x07,0xFC,0x9F,0xE0,0x07,
0xF0,0xFE,0x00,0x3F,0xA0,0xFE,0x00,0x7F,0xA5,0xFE,
0x00,0x7F,0x0F,0xE0,0x03,0xF9,0x0F,0xE0,0x07,0xF8,
0x7F,0x00,0x3F,0x87,0xF8,0x01,0xFC,0x3F,0xC0,0x1F,
0xE1,0xFF,0x01,0xFF,0x0F,0xFC,0x1F,0xF8,0x3F,0xFF,
0xFF,0xC1,0xFF,0xFE,0xFE,0x0F,0xFF,0xEF,0xE0,0x3F,
0xFE,0x7F,0x00,0xFF,0xE3,0xF8,0x01,0xFC,0x1F,0xC0,
0x0E,0xB8,0x30,0x1E,0x7F,0x80,0x07,0xFD,0xFE,0x00,
0x1F,0xE8,0x7F,0x00,0x1F,0xE4,0x3F,0x80,0x1F,0xE0,
0xFF,0x00,0xFF,0x01,0xFC,0x03,0xFC,0x20,0xFE,0x03,
0xFC,0x03,0xF8,0x0F,0xE0,0x0F,0xE0,0x7F,0x80,0x3F,
0x81,0xFC,0x04,0x0F,0xE1,0xFC,0x02,0x07,0xF1,0xFC,
0x00,0x1F,0xCF,0xE0,0x00,0x3F,0x3F,0x80,0x00,0xFC,
0xFC,0x00,0x03,0xF7,0xF0,0x00,0x0F,0xDF,0x80,0x00,
0x3F,0xFE,0x00,0x10,0x0F,0xFE,0x00,0x08,0x07,0xFE,
0x00,0x00,0x1F,0xF0,0x00,0x00,0x14,0xB8,0x30,0x2B,
0x7F,0x80,0x3F,0x80,0x3F,0xDF,0xE0,0x0F,0xE0,0x0F,
0xE7,0xF8,0x07,0xF8,0x07,0xF9,0xFE,0x01,0xFE,0x01,
0xFC,0x87,0xF0,0x1F,0xF0,0x1F,0xE1,0xFC,0x07,0xFC,
0x07,0xF0,0x7F,0x03,0xFF,0x03,0xFC,0x1F,0xC0,0xFF,
0xE0,0xFE,0x07,0xF0,0x7F,0xF8,0x3F,0x84,0x3F,0x83,
0xEF,0xC3,0xF8,0x07,0xF1,0xFB,0xF1,0xFC,0x01,0xFC,
0x7C,0xFC,0x7F,0x00,0x7F,0x3F,0x3F,0x1F,0x80,0x1F,
0xCF,0xCF,0xCF,0xE0,0x07,0xF3,0xE1,0xF3,0xF8,0x01,
0xFD,0xF8,0x7C,0xFC,0x00,0x7F,0x7C,0x1F,0x7F,0x00,
0x1F,0xDF,0x07,0xDF,0x80,0x03,0xFF,0x81,0xF7,0xE0,
0x00,0xFF,0xE0,0x7F,0xF0,0x00,0x3F,0xF0,0x1F,0xFC,
0x00,0x0F,0xFC,0x07,0xFE,0x00,0x03,0xFF,0x00,0xFF,
0x80,0x00,0xFF,0x80,0x3F,0xE0,0x00,0x3F,0xE0,0x0F,
0xF0,0x00,0x0F,0xF0,0x03,0xFC,0x00,0x00,0x0F,0xB9,
0xF0,0x1D,0x03,0xFC,0x01,0xFF,0x03,0xFC,0x01,0xFE,
0x01,0xFE,0x03,0xFC,0x01,0xFE,0x07,0xF8,0x00,0xFE,
0x07,0xF0,0x00,0xFF,0x0F,0xF0,0x00,0x7F,0x1F,0xE0,
0x00,0x7F,0x1F,0xC0,0x00,0x3F,0xBF,0x80,0x00,0x3F,
0xFF,0x80,0x00,0x3F,0xFF,0x00,0x00,0x1F,0xFE,0x00,
0x00,0x1F,0xFC,0x00,0x00,0x0F,0xFC,0x00,0x00,0x1F,
0xF8,0x00,0x00,0x1F,0xFC,0x00,0x00,0x3F,0xFC,0x00,
0x00,0x7F,0xFE,0x00,0x00,0xFE,0xFE,0x00,0x01,0xFE,
0x7F,0x00,0x01,0xFC,0x7F,0x00,0x03,0xF8,0x7F,0x80,
0x07,0xF8,0x3F,0x80,0x0F,0xF0,0x3F,0xC0,0x1F,0xE0,
0x1F,0xC0,0x1F,0xE0,0x1F,0xE0,0x3F,0xC0,0x1F,0xE0,
0x7F,0x80,0x0F,0xF0,0x10,0xCD,0xFD,0x9E,0x07,0xF8,
0x00,0x7F,0xC1,0xFE,0x00,0x1F,0xE8,0x07,0xF0,0x01,
0xFE,0x40,0x3F,0x80,0x1F,0xE0,0x0F,0xF0,0x0F,0xF0,
0x01,0xFC,0x03,0xFC,0x00,0x7F,0x01,0xFE,0x08,0x03,
0xF8,0x0F,0xE0,0x00,0xFE,0x07,0xF0,0x00,0x1F,0xC1,
0xFC,0x04,0x00,0xFE,0x1F,0xC0,0x20,0x07,0xF1,0xFC,
0x01,0x00,0x1F,0x9F,0xC0,0x08,0x00,0xFD,0xFC,0x00,
0x00,0x3F,0xFE,0x00,0x10,0x00,0xFF,0xE0,0x00,0x80,
0x07,0xFE,0x00,0x04,0x00,0x1F,0xE0,0x00,0x20,0x01,
0xFE,0x00,0x00,0x00,0x7F,0x00,0x00,0x00,0x3F,0xC0,
0x00,0x03,0xFF,0xE0,0x00,0x00,0xFF,0xF0,0x00,0x00,
0x7F,0xF8,0x00,0x00,0x1F,0xFC,0x00,0x00,0x0F,0xFE,
0x00,0x00,0x01,0xFC,0x00,0x00,0x00,0x0D,0x38,0x10,
0x1D,0xB0,0xFF,0xFF,0xFC,0x1F,0xFF,0xFF,0x00,0x00,
0x3F,0xC0,0x00,0x0F,0xF8,0x00,0x03,0xFE,0x00,0x00,
0xFF,0x80,0x00,0x3F,0xE0,0x00,0x0F,0xF8,0x00,0x03,
0xFE,0x00,0x00,0xFF,0x80,0x00,0x3F,0xE0,0x00,0x07,
0xF8,0x00,0x01,0xFF,0x00,0x00,0x7F,0xC0,0x00,0x1F,
0xF0,0x00,0x07,0xFC,0x00,0x01,0xFF,0x00,0x00,0x7F,
0xC0,0x00,0x1F,0xFF,0xFF,0x8B,0xFF,0xFF,0xFE,0x00,
0x0B,0x5C,0x3E,0x57,0x00,0x00,0x3E,0x00,0x03,0xFC,
0x00,0x1F,0xF8,0x00,0x7F,0xF8,0x00,0x3F,0xF8,0x00,
0xFF,0x84,0x00,0x3F,0x81,0x60,0x1F,0xC0,0x00,0x3F,
0x00,0x90,0x1F,0xC0,0x00,0x7F,0x80,0x01,0xFE,0x00,
0x3F,0xF8,0x00,0x7F,0xE0,0x00,0xFF,0x80,0x01,0xF8,
0x00,0x03,0xFC,0x00,0x11,0xFF,0xC0,0x00,0x7F,0xC0,
0x00,0x7F,0x80,0x14,0x0F,0xE0,0x00,0x1F,0x80,0x0B,
0x0F,0xE0,0x00,0x1F,0xE0,0x00,0x3F,0xFC,0x00,0x7F,
0xF0,0x10,0x0F,0xFC,0x00,0x0F,0xF8,0x00,0x03,0xF0,
0x00,0x08,0x7A,0x2D,0x13,0xC0,0x07,0xF0,0x03,0xF6,
0x00,0x7F,0x60,0x0F,0xE6,0x01,0xFC,0x60,0x3F,0x86,
0x07,0xF0,0x60,0xFE,0x06,0x1F,0xC0,0x63,0xF8,0x06,
0x7F,0x00,0x00,0x0B,0x5D,0xFE,0x57,0x00,0x7C,0x00,
0x01,0xFF,0x00,0x03,0xFF,0x04,0x80,0xFF,0xE0,0x00,
0x3F,0xC3,0x40,0x07,0xF0,0x00,0x0F,0xC1,0x20,0x07,
0xF0,0x00,0x0F,0xF0,0x00,0x1F,0xF1,0x00,0x03,0xFF,
0x80,0x01,0xFF,0x00,0x00,0xFC,0x00,0x07,0xF8,0x00,
0x3F,0xF0,0x00,0xFF,0xE0,0x03,0xFE,0x00,0x0F,0xF0,
0x24,0x03,0xF8,0x00,0x07,0xE0,0x14,0x03,0xF8,0x00,
0x0F,0xF0,0x00,0x1F,0xC0,0x00,0x7F,0x80,0x0F,0xFF,
0x00,0x1F,0xFC,0x00,0x3F,0xF0,0x00,0xFF,0xC0,0x01,
0xFF,0x00,0x03,0xF0,0x00,0x00,0x0E,0x16,0x32,0x62,
0x00,0xF8,0x00,0x00,0x1F,0xF0,0x0F,0xC1,0xFF,0xC0,
0x7E,0x1F,0xFF,0x03,0xE1,0xFF,0xFC,0x3F,0x1F,0xFF,
0xFF,0xF8,0xFE,0x3F,0xFF,0x87,0xE0,0xFF,0xFC,0x3E,
0x03,0xFF,0xC3,0xF0,0x07,0xFC,0x00,0x00,0x1F,0x80,
};
/* font data size: 9140 bytes */

static const unsigned char Inter_36_Bold_Italic_index[] = {
0x00,0x00,0x00,0x40,0x0A,0x00,0x44,0x02,0xCC,0x15,
0x50,0x85,0xC2,0xAC,0x0A,0xE0,0x2F,0x70,0xCD,0x43,
0x6C,0x0E,0x50,0x3A,0xB0,0xED,0xC3,0xC4,0x11,0x00,
0x4B,0xB1,0x3D,0x05,0x6D,0x17,0xC8,0x66,0x41,0xB4,
0xC7,0x60,0x1F,0x50,0x85,0xC2,0x3A,0x49,0x08,0x24,
0xC4,0x99,0xB2,0x6E,0xCA,0x29,0x2A,0x40,0xBA,0x33,
0x07,0x0C,0xA6,0x34,0xAC,0xDB,0x93,0x7E,0x0E,0x37,
0x3B,0x44,0xF5,0x03,0xDC,0x4F,0xC4,0x41,0xBD,0x0A,
0x44,0x58,0x51,0xF6,0x4A,0x31,0x2F,0xF4,0xE6,0x94,
0x19,0x52,0x99,0x4E,0x55,0x56,0xD5,0xE1,0x5B,0x05,
0x77,0xA5,0xFC,0xD8,0x7C,0x62,0x75,0x8B,0x56,0x39,
0xD9,0x10,0x64,0x7D,0x92,0xC6,0x62,0xD9,0xF8,0x69,
0x39,0xAB,0xE6,0xC7,0x9B,0x94,0x70,0x79,0xC8,0x07,
0x29,0x9C,0xEB,0x75,0xA5,0xD8,0x97,0x7D,0x5E,0x48,
0x7A,0x95,0xF1,0x97,0xE2,0x5F,0xBC,0x80,0x6E,0x04,
0x58,0x25,0x20,0xEA,0x85,0xE2,0x1E,0xC8,0x99,0xE2,
0xB0,0x8C,0x2E,0x32,0xB8,0xE2,0x00,
};
/* font index size: 167 bytes */

const ILI9341_t3_font_t Inter_36_Bold_Italic = {
	Inter_36_Bold_Italic_index,
	0,
	Inter_36_Bold_Italic_data,
	1,
	0,
	32,
	126,
	0,
	0,
	14,
	6,
	6,
	5,
	6,
	6,
	60,
	37
};




// ---- 42 px ----
static const unsigned char Inter_42_Bold_Italic_data[] = {
0x00,0x00,0x00,0x03,0x80,0x08,0x2B,0x1F,0xF5,0x00,
0x3F,0xE0,0x3F,0xFB,0x03,0xFE,0x01,0xFE,0x50,0x3F,
0xE4,0x83,0xFC,0x48,0x7F,0xC5,0x07,0xF8,0x07,0xFC,
0x2C,0x7F,0x80,0x7F,0x81,0x20,0x00,0x00,0x40,0x01,
0xF8,0x01,0xFE,0x01,0xFF,0x01,0x3F,0xF8,0x0F,0xF8,
0x03,0xFC,0x01,0xF8,0x00,0x10,0x00,0x0B,0x92,0x41,
0x88,0x07,0xF8,0x7F,0xE4,0xFF,0x0F,0xF0,0xFE,0x0F,
0xF1,0xFE,0x0F,0xF4,0xBF,0xC1,0xFC,0x87,0xF0,0x7F,
0x92,0xFE,0x0F,0xE2,0x3F,0x81,0xFC,0x47,0xF0,0x3F,
0x00,0x12,0xAA,0x08,0x09,0xA0,0x00,0x3F,0x00,0x7E,
0x10,0x00,0x3F,0x80,0x7F,0x00,0x00,0xFE,0x01,0xF8,
0x20,0x00,0x7E,0x00,0xFC,0x10,0x00,0x7F,0x00,0xFE,
0x00,0x01,0xFC,0x03,0xF0,0x28,0x3F,0xFF,0xFF,0xFF,
0xF2,0x3F,0xFF,0xFF,0xFF,0xE0,0x03,0xF0,0x07,0xE0,
0x00,0x0F,0xC0,0x3F,0x80,0x80,0x0F,0xE0,0x1F,0xC0,
0x48,0x07,0xE0,0x0F,0xC0,0x00,0x3F,0x80,0x7F,0x00,
0x3F,0xFF,0xFF,0xFF,0xF2,0xDF,0xFF,0xFF,0xFF,0xF0,
0xFF,0xFF,0xFF,0xFF,0x80,0x0F,0xE0,0x1F,0x80,0x10,
0x07,0xE0,0x0F,0xC0,0x08,0x07,0xF0,0x0F,0xE0,0x00,
0x1F,0xC0,0x3F,0x00,0x10,0x0F,0xC0,0x1F,0x80,0x00,
0x3F,0x00,0xFE,0x00,0x01,0xFC,0x03,0xF8,0x00,0x12,
0x35,0x17,0xB9,0xA4,0x00,0x00,0x1C,0x00,0x24,0x00,
0x00,0x3C,0x00,0x00,0x00,0x7F,0xFE,0x00,0x00,0x0F,
0xFF,0xFE,0x00,0x01,0xFF,0xFF,0xF8,0x00,0x1F,0xFF,
0xFF,0xE0,0x01,0xFF,0xFF,0xFF,0x80,0x1F,0xFF,0xFF,
0xFE,0x01,0xFF,0xFF,0xFF,0xF0,0x1F,0xFC,0x71,0xFF,
0x80,0xFF,0xC3,0x87,0xFE,0x0F,0xFC,0x3C,0x1F,0xF8,
0x0F,0xF8,0x3C,0x1F,0xF8,0x0F,0xF8,0x38,0x00,0x00,
0x7F,0xE1,0xC0,0x00,0x03,0xFF,0x9E,0x00,0x00,0x1F,
0xFF,0xF0,0x00,0x00,0xFF,0xFF,0xC0,0x00,0x03,0xFF,
0xFF,0xC0,0x00,0x0F,0xFF,0xFF,0x80,0x00,0x3F,0xFF,
0xFF,0x00,0x00,0xFF,0xFF,0xFC,0x00,0x01,0xFF,0xFF,
0xF0,0x00,0x01,0xFF,0xFF,0xC0,0x00,0x01,0xFF,0xFF,
0x00,0x00,0x0E,0x7F,0xF8,0x00,0x00,0x70,0xFF,0xC4,
0x00,0x00,0xF0,0x7F,0xC3,0xFC,0x07,0x83,0xFE,0x1F,
0xE0,0x38,0x1F,0xF0,0xFF,0x81,0xC0,0xFF,0x87,0xFC,
0x0E,0x0F,0xFC,0x3F,0xF0,0xF0,0xFF,0xC1,0xFF,0xC7,
0x8F,0xFE,0x07,0xFF,0xFF,0xFF,0xE0,0x3F,0xFF,0xFF,
0xFE,0x00,0xFF,0xFF,0xFF,0xF0,0x03,0xFF,0xFF,0xFF,
0x00,0x0F,0xFF,0xFF,0xE0,0x00,0x3F,0xFF,0xFE,0x00,
0x00,0x7F,0xFF,0x80,0x00,0x00,0x1F,0x80,0x00,0x10,
0x00,0x0E,0x00,0x00,0x10,0x00,0x1E,0x00,0x00,0x00,
0x16,0xAC,0x47,0xFE,0xC0,0x02,0x00,0x00,0x00,0x00,
0x01,0xFF,0x80,0x00,0x03,0xF0,0x0F,0xFF,0x00,0x00,
0x1F,0x80,0xFF,0xFE,0x00,0x00,0xFC,0x03,0xFF,0xF8,
0x00,0x07,0xE0,0x1F,0xFF,0xF0,0x00,0x1F,0x80,0xFE,
0x1F,0xC0,0x00,0xFC,0x03,0xF0,0x3F,0x00,0x07,0xE0,
0x1F,0x80,0xFC,0x00,0x3F,0x00,0x7E,0x03,0xF0,0x01,
0xF8,0x01,0xF8,0x0F,0xC0,0x0F,0xC0,0x07,0xE0,0x3E,
0x00,0x7E,0x00,0x1F,0x81,0xF8,0x01,0xF0,0x00,0x7E,
0x07,0xE0,0x0F,0xC0,0x01,0xF8,0x3F,0x80,0x7E,0x00,
0x07,0xF1,0xFC,0x03,0xF0,0x00,0x1F,0xFF,0xE0,0x1F,
0x80,0x00,0x3F,0xFF,0x80,0xFC,0x00,0x00,0xFF,0xFC,
0x07,0xE0,0x00,0x01,0xFF,0xC0,0x1F,0x00,0x00,0x01,
0xFC,0x00,0xFC,0x00,0x00,0x00,0x00,0x07,0xE0,0x00,
0x00,0x00,0x00,0x3F,0x00,0x00,0x00,0x00,0x01,0xF8,
0x01,0xFC,0x00,0x00,0x0F,0xC0,0x1F,0xFC,0x00,0x00,
0x7E,0x01,0xFF,0xF8,0x00,0x03,0xF0,0x0F,0xFF,0xE0,
0x00,0x0F,0xC0,0x3F,0xFF,0xC0,0x00,0x7E,0x01,0xFC,
0x7F,0x00,0x03,0xF0,0x0F,0xE0,0xFC,0x00,0x1F,0x80,
0x3F,0x03,0xF0,0x00,0xFC,0x00,0xFC,0x0F,0xC0,0x07,
0xE0,0x03,0xE0,0x3F,0x80,0x07,0xE0,0x03,0xF0,0x1F,
0x80,0x3F,0x00,0x0F,0xC0,0xFC,0x01,0xF8,0x00,0x3F,
0x03,0xF0,0x0F,0xC0,0x00,0xFE,0x1F,0xC0,0x7E,0x00,
0x03,0xFF,0xFE,0x03,0xF0,0x00,0x07,0xFF,0xF0,0x1F,
0x80,0x00,0x1F,0xFF,0xC0,0x7C,0x00,0x00,0x3F,0xFC,
0x07,0xF0,0x00,0x00,0x7F,0xE0,0x00,0x00,0x00,0x00,
0x18,0x00,0x12,0x2C,0x0F,0xFA,0x00,0x00,0x01,0x00,
0x00,0x00,0x01,0xFF,0xC0,0x00,0x00,0x3F,0xFF,0x00,
0x00,0x03,0xFF,0xFC,0x00,0x00,0x3F,0xFF,0xF0,0x00,
0x03,0xFF,0xFF,0xC0,0x00,0x3F,0xFF,0xFE,0x00,0x01,
0xFF,0x0F,0xF0,0x00,0x1F,0xE0,0x3F,0x81,0x40,0x1F,
0xC0,0x3F,0x80,0x00,0xFE,0x03,0xF8,0x00,0x07,0xF0,
0x7F,0xC0,0x00,0x3F,0xC7,0xFC,0x00,0x01,0xFE,0xFF,
0xE0,0x00,0x07,0xFF,0xFE,0x00,0x00,0x3F,0xFF,0xE0,
0x00,0x00,0xFF,0xFE,0x00,0x00,0x07,0xFF,0xC0,0x00,
0x00,0x7F,0xFC,0x00,0x00,0x07,0xFF,0x80,0x00,0x00,
0xFF,0xFE,0x01,0xFC,0x0F,0xFF,0xF8,0x0F,0xE0,0xFF,
0xFF,0xC0,0xFF,0x0F,0xFF,0xFF,0x07,0xF0,0xFF,0xC7,
0xFC,0x7F,0x87,0xFC,0x1F,0xE3,0xFC,0x7F,0xC0,0xFF,
0xBF,0xC3,0xFC,0x03,0xFF,0xFE,0x1F,0xE0,0x0F,0xFF,
0xE1,0xFF,0x00,0x3F,0xFF,0x0F,0xF8,0x01,0xFF,0xF0,
0x7F,0xC0,0x07,0xFF,0x81,0xFF,0x00,0x7F,0xF8,0x0F,
0xFC,0x1F,0xFF,0x80,0x7F,0xFF,0xFF,0xFE,0x01,0xFF,
0xFF,0xFF,0xF8,0x07,0xFF,0xFF,0xFF,0xE0,0x1F,0xFF,
0xFE,0xFF,0x00,0x7F,0xFF,0xC7,0xFC,0x00,0xFF,0xF8,
0x1F,0xF0,0x00,0x30,0x00,0x00,0x00,0x05,0x12,0x41,
0x85,0x28,0xFF,0x1F,0xD4,0xFF,0x5B,0xF9,0x5F,0xC0,
0x0A,0xB5,0x27,0x85,0x80,0x00,0xFF,0x00,0x07,0xF8,
0x00,0x3F,0xE0,0x00,0xFF,0x20,0x00,0xFF,0x00,0x07,
0xF8,0x00,0x3F,0xE0,0x00,0xFF,0x00,0x07,0xFC,0x00,
0x1F,0xE0,0x40,0x1F,0xF0,0x20,0x1F,0xF0,0x00,0x7F,
0x80,0x40,0x7F,0xC0,0x01,0xFE,0x00,0x81,0xFF,0x00,
0x07,0xF8,0x01,0x27,0xFC,0x00,0x1F,0xE0,0x02,0x9F,
0xF0,0x01,0x2F,0xF0,0x00,0xBF,0xF8,0x00,0x43,0xFC,
0x00,0x2D,0xFF,0x00,0x03,0xFC,0x00,0x49,0xFF,0x00,
0x20,0x7F,0x80,0x10,0x1F,0xE0,0x00,0x0A,0x35,0xF7,
0x85,0xA0,0x01,0xFE,0x20,0x01,0xFF,0x00,0x07,0xF9,
0x40,0x07,0xFD,0x00,0x03,0xFD,0xA0,0x03,0xFF,0xA0,
0x03,0xFF,0x20,0x03,0xFD,0x20,0x07,0xFC,0x00,0x3F,
0xC9,0x00,0x7F,0xC0,0x03,0xFC,0x40,0x07,0xFC,0x40,
0x0F,0xF8,0x00,0x7F,0x80,0x07,0xFC,0x00,0x3F,0xC0,
0x03,0xFE,0x00,0x1F,0xE0,0x01,0xFF,0x00,0x0F,0xF0,
0x00,0xFF,0x80,0x07,0xF8,0x00,0x7F,0xC0,0x07,0xFC,
0x00,0x3F,0xC0,0x03,0xFE,0x00,0x00,0x0C,0x98,0x31,
0x28,0x68,0x00,0x3E,0x00,0x04,0x1F,0x02,0x03,0x87,
0xC3,0xC1,0xF9,0xF1,0xF0,0xFF,0x7D,0xFE,0x3F,0xFF,
0xFF,0x87,0xFF,0xFF,0x80,0x7F,0xFF,0x80,0x07,0xFF,
0x80,0x00,0xFF,0xC0,0x01,0xFF,0xFC,0x01,0xFF,0xFF,
0xC3,0xFF,0xFF,0xFC,0x7F,0xBD,0xFE,0x1F,0x8F,0x3F,
0x83,0xC7,0xC3,0xC0,0xC1,0xF0,0x61,0x00,0x0F,0x80,
0x08,0x00,0xFC,0x00,0x00,0x0F,0x1D,0x28,0x3A,0x20,
0x00,0x0F,0xE0,0x00,0x00,0x3F,0xC0,0x16,0x00,0x0F,
0xE0,0x00,0x00,0x3F,0xC0,0x08,0x00,0x0F,0xE0,0x02,
0x5F,0xFF,0xFF,0xFF,0x7F,0xFF,0xFF,0xFF,0x3F,0xFF,
0xFF,0xFF,0x00,0x07,0xF0,0x00,0x80,0x03,0xFC,0x00,
0x28,0x00,0xFE,0x00,0x08,0x00,0x7F,0x80,0x02,0x00,
0x1F,0xC0,0x00,0x07,0x12,0xFF,0x54,0xC0,0xFF,0xC0,
0x3F,0xD0,0x1F,0xE0,0x3F,0x88,0x1F,0xE0,0x3F,0x80,
0xFF,0x08,0x3F,0x80,0x7E,0x01,0xFC,0x08,0x7E,0x02,
0x3F,0x00,0x0A,0x07,0x20,0xE6,0xE1,0xFF,0xFF,0xE3,
0xFF,0xFF,0xE7,0xFF,0xFF,0x80,0x05,0x0B,0x1F,0xF4,
0xC0,0x80,0xFC,0x3F,0xCF,0xFA,0x7F,0xF7,0xFC,0x7F,
0x8F,0xC0,0x20,0x0F,0x33,0xEF,0xA5,0xC0,0x00,0x00,
0x7F,0x80,0x00,0x00,0xFE,0x00,0x00,0x03,0xFC,0x00,
0x00,0x07,0xF0,0x00,0x00,0x1F,0xE4,0x00,0x00,0x07,
0xF0,0x00,0x00,0x1F,0xE0,0x00,0x00,0x3F,0x80,0x00,
0x00,0xFF,0x00,0x00,0x01,0xFC,0x00,0x00,0x07,0xF8,
0x20,0x00,0x01,0xFC,0x00,0x00,0x07,0xF8,0x00,0x00,
0x0F,0xE0,0x00,0x00,0x3F,0xC0,0x00,0x00,0x7F,0x00,
0x00,0x01,0xFE,0x00,0x00,0x03,0xF8,0x00,0x00,0x0F,
0xF0,0x04,0x00,0x03,0xF8,0x00,0x00,0x0F,0xF0,0x00,
0x00,0x1F,0xC0,0x00,0x00,0x7F,0x80,0x00,0x00,0xFE,
0x00,0x00,0x03,0xFC,0x00,0x20,0x00,0xFE,0x00,0x00,
0x03,0xFC,0x00,0x00,0x07,0xF0,0x00,0x00,0x1F,0xE0,
0x00,0x00,0x3F,0x80,0x00,0x00,0xFF,0x00,0x00,0x01,
0xFC,0x00,0x00,0x07,0xF8,0x00,0x04,0x01,0xFC,0x00,
0x00,0x07,0xF8,0x00,0x00,0x0F,0xE0,0x00,0x00,0x3F,
0xC0,0x00,0x00,0x7F,0x00,0x00,0x01,0xFE,0x00,0x00,
0x20,0x7F,0x00,0x00,0x01,0xFE,0x00,0x00,0x03,0xF8,
0x00,0x00,0x0F,0xF0,0x00,0x00,0x1F,0xC0,0x00,0x00,
0x7F,0x80,0x00,0x00,0x11,0xAC,0x1F,0xF9,0xC0,0x00,
0x00,0x80,0x00,0x00,0x03,0xFF,0xC0,0x00,0x00,0xFF,
0xFF,0x00,0x00,0x3F,0xFF,0xF8,0x00,0x0F,0xFF,0xFF,
0xC0,0x01,0xFF,0xFF,0xFE,0x00,0x3F,0xFF,0xFF,0xF0,
0x03,0xFF,0x87,0xFF,0x00,0x7F,0xE0,0x1F,0xF8,0x0F,
0xFC,0x00,0xFF,0x81,0xFF,0x80,0x0F,0xF8,0x1F,0xF0,
0x00,0xFF,0xE0,0x7F,0xC0,0x00,0xFF,0x87,0xF8,0x00,
0x0F,0xFC,0x1F,0xF0,0x00,0x1F,0xF1,0xFE,0x00,0x01,
0xFF,0x97,0xFC,0x00,0x03,0xFE,0x7F,0x80,0x00,0x3F,
0xEF,0xF8,0x00,0x03,0xFD,0x5F,0xF0,0x00,0x0F,0xFA,
0x7F,0xE0,0x00,0x3F,0xE4,0x7F,0xC0,0x00,0xFF,0x87,
0xFE,0x00,0x1F,0xF0,0x3F,0xE0,0x03,0xFF,0x03,0xFE,
0x00,0x3F,0xE0,0x3F,0xF0,0x0F,0xFC,0x01,0xFF,0xC3,
0xFF,0xC0,0x1F,0xFF,0xFF,0xF8,0x00,0xFF,0xFF,0xFF,
0x00,0x07,0xFF,0xFF,0xE0,0x00,0x3F,0xFF,0xF8,0x00,
0x01,0xFF,0xFF,0x00,0x00,0x07,0xFF,0x80,0x00,0x00,
0x03,0x00,0x00,0x00,0x0A,0xAA,0x28,0x06,0x40,0x03,
0xFF,0x00,0x3F,0xF8,0x03,0xFF,0xE0,0x1F,0xFF,0x81,
0xFF,0xFE,0x0F,0xFF,0xF8,0xFF,0xFF,0xE3,0xFF,0xFF,
0x0F,0xFB,0xFC,0x7F,0x8F,0xF1,0xFC,0x7F,0xC7,0xC1,
0xFF,0x1C,0x07,0xFC,0x60,0x1F,0xE1,0x00,0x7F,0x80,
0x01,0xFE,0x24,0x01,0xFF,0x12,0x00,0xFF,0x09,0x00,
0xFF,0x84,0x00,0x7F,0x82,0x80,0x7F,0xC1,0x00,0x3F,
0xC0,0xA0,0x3F,0xE0,0x40,0x1F,0xE0,0x24,0x1F,0xF0,
0x00,0x11,0xAB,0x08,0x09,0x40,0x00,0x00,0x80,0x00,
0x00,0x03,0xFF,0xC0,0x00,0x01,0xFF,0xFF,0x00,0x00,
0x3F,0xFF,0xFC,0x00,0x07,0xFF,0xFF,0xE2,0x00,0x3F,
0xFF,0xFF,0xE0,0x07,0xFF,0x07,0xFF,0x00,0xFF,0xC0,
0x1F,0xF0,0x0F,0xF8,0x00,0xFF,0x01,0xFF,0x00,0x0F,
0xF8,0x1F,0xE0,0x00,0xFF,0x81,0xFE,0x00,0x0F,0xF0,
0x3F,0xE0,0x00,0xFF,0x00,0x00,0x00,0x0F,0xF0,0x00,
0x00,0x01,0xFF,0x00,0x00,0x00,0x1F,0xE0,0x00,0x00,
0x03,0xFE,0x00,0x00,0x00,0x7F,0xC0,0x00,0x00,0x0F,
0xFC,0x00,0x00,0x01,0xFF,0x80,0x00,0x00,0x3F,0xF0,
0x00,0x00,0x07,0xFE,0x00,0x00,0x01,0xFF,0xC0,0x00,
0x00,0x3F,0xF8,0x00,0x00,0x07,0xFF,0x00,0x00,0x00,
0xFF,0xE0,0x00,0x00,0x3F,0xFC,0x00,0x00,0x07,0xFF,
0x80,0x00,0x00,0xFF,0xE0,0x00,0x00,0x1F,0xFC,0x00,
0x00,0x07,0xFF,0x80,0x00,0x00,0xFF,0xF0,0x00,0x00,
0x1F,0xFE,0x00,0x00,0x03,0xFF,0xC0,0x00,0x00,0x7F,
0xF0,0x00,0x00,0x4B,0xFF,0xFF,0xFF,0xF0,0x7F,0xFF,
0xFF,0xFF,0x09,0xFF,0xFF,0xFF,0xFC,0x00,0x11,0x2C,
0x17,0xF9,0x80,0x00,0x00,0x80,0x00,0x00,0x07,0xFF,
0x80,0x00,0x07,0xFF,0xFC,0x00,0x03,0xFF,0xFF,0xE0,
0x00,0xFF,0xFF,0xFE,0x00,0x3F,0xFF,0xFF,0xE0,0x0F,
0xFF,0xFF,0xFC,0x03,0xFF,0xC3,0xFF,0xC0,0xFF,0xC0,
0x1F,0xF8,0x1F,0xF0,0x01,0xFF,0x03,0xFC,0x00,0x3F,
0xE0,0xFF,0x80,0x07,0xFE,0x00,0x00,0x00,0x1F,0xF0,
0x00,0x00,0x03,0xFC,0x00,0x00,0x00,0xFF,0x80,0x00,
0x00,0x3F,0xE0,0x00,0x00,0x1F,0xF8,0x00,0x03,0xFF,
0xFE,0x00,0x00,0x7F,0xFF,0x02,0x00,0x01,0xFF,0xF0,
0x00,0x00,0x3F,0xFF,0xC0,0x00,0x07,0xFF,0xFC,0x00,
0x01,0xFF,0xFF,0xC0,0x00,0x00,0x1F,0xFC,0x00,0x00,
0x01,0xFF,0x94,0x00,0x00,0x03,0xFE,0x47,0xFC,0x00,
0x0F,0xF8,0xFF,0x80,0x03,0xFF,0x1F,0xF8,0x00,0xFF,
0xC3,0xFF,0x80,0x3F,0xF8,0x3F,0xFC,0x1F,0xFE,0x07,
0xFF,0xFF,0xFF,0x80,0x7F,0xFF,0xFF,0xE0,0x07,0xFF,
0xFF,0xF8,0x00,0x7F,0xFF,0xFE,0x00,0x07,0xFF,0xFF,
0x00,0x00,0x1F,0xFF,0x00,0x00,0x00,0x18,0x00,0x00,
0x11,0xAA,0x10,0x09,0xC0,0x00,0x00,0x3F,0xF8,0x00,
0x00,0x07,0xFF,0x80,0x00,0x00,0xFF,0xF8,0x00,0x00,
0x1F,0xFF,0x20,0x00,0x00,0x7F,0xFE,0x00,0x00,0x0F,
0xFF,0xE0,0x00,0x01,0xFF,0xFE,0x00,0x00,0x3F,0xFF,
0xE0,0x00,0x07,0xFF,0xFC,0x00,0x00,0x7F,0xBF,0xC0,
0x00,0x0F,0xFB,0xFC,0x00,0x01,0xFF,0x3F,0xC0,0x00,
0x3F,0xE3,0xFC,0x00,0x07,0xFC,0x7F,0xC0,0x00,0x7F,
0x87,0xF8,0x00,0x0F,0xF8,0x7F,0x80,0x01,0xFF,0x07,
0xF8,0x00,0x3F,0xE0,0x7F,0x80,0x07,0xFC,0x07,0xF8,
0x00,0x7F,0x80,0xFF,0x80,0x0F,0xF8,0x0F,0xF0,0x01,
0xFF,0x00,0xFF,0x00,0x3F,0xE0,0x0F,0xF0,0x07,0xFC,
0x00,0xFF,0x00,0xFF,0x80,0x0F,0xF0,0x0F,0xF8,0x01,
0xFF,0x01,0xFF,0x00,0x1F,0xE0,0x1F,0xFF,0xFF,0xFF,
0xFD,0xFF,0xFF,0xFF,0xFF,0xE7,0xFF,0xFF,0xFF,0xFC,
0x00,0x00,0x07,0xF8,0x09,0x00,0x00,0x1F,0xF0,0x12,
0x00,0x00,0x3F,0xC0,0x00,0x11,0x2B,0x17,0xF9,0x00,
0x1F,0xFF,0xFF,0xF8,0x03,0xFF,0xFF,0xFE,0xA0,0x1F,
0xFF,0xFF,0xF8,0x07,0xFF,0xFF,0xFF,0x40,0x1F,0xE0,
0x00,0x00,0x03,0xF8,0x00,0x00,0x20,0x1F,0xE0,0x00,
0x00,0x03,0xF8,0x00,0x00,0x00,0xFF,0x00,0x00,0x00,
0x1F,0xE1,0xFE,0x00,0x03,0xFC,0xFF,0xF0,0x00,0x7F,
0x3F,0xFF,0x80,0x1F,0xEF,0xFF,0xF8,0x20,0x7F,0xFF,
0xFF,0xF0,0x0F,0xFF,0xFF,0xFF,0x03,0xFF,0x80,0xFF,
0xE0,0x1F,0xC0,0x0F,0xFC,0x00,0x00,0x00,0xFF,0x88,
0x00,0x00,0x01,0xFF,0x28,0x00,0x00,0x07,0xF8,0x7F,
0x80,0x01,0xFF,0x0F,0xF0,0x00,0x3F,0xC1,0xFF,0x00,
0x0F,0xF8,0x3F,0xE0,0x03,0xFE,0x07,0xFE,0x00,0xFF,
0xC0,0x7F,0xF0,0xFF,0xF0,0x0F,0xFF,0xFF,0xFC,0x00,
0xFF,0xFF,0xFF,0x00,0x1F,0xFF,0xFF,0xC0,0x00,0xFF,
0xFF,0xF0,0x00,0x0F,0xFF,0xF8,0x00,0x00,0x7F,0xFC,
0x00,0x00,0x00,0x30,0x00,0x00,0x11,0x2C,0x1F,0xF9,
0x80,0x00,0x01,0x00,0x00,0x00,0x07,0xFF,0x80,0x00,
0x07,0xFF,0xFC,0x00,0x01,0xFF,0xFF,0xC0,0x00,0x7F,
0xFF,0xFC,0x00,0x3F,0xFF,0xFF,0xC8,0x01,0xFF,0xFF,
0xFF,0x80,0x7F,0xE0,0x1F,0xF8,0x1F,0xF8,0x01,0xFF,
0x03,0xFE,0x00,0x3F,0xE0,0xFF,0x80,0x03,0xFC,0x1F,
0xE0,0x00,0x00,0x07,0xFC,0x00,0x00,0x00,0xFF,0x00,
0x00,0x00,0x3F,0xE0,0x7F,0x00,0x07,0xF8,0x7F,0xFC,
0x00,0xFF,0x1F,0xFF,0xC0,0x3F,0xE7,0xFF,0xFC,0x07,
0xFD,0xFF,0xFF,0xC0,0xFF,0x7F,0xFF,0xFC,0x1F,0xFF,
0xFF,0xFF,0x87,0xFF,0xE0,0x3F,0xF8,0xFF,0xF0,0x03,
0xFF,0x1F,0xFC,0x00,0x3F,0xE4,0x7F,0xE0,0x00,0xFF,
0x8F,0xF8,0x00,0x0F,0xF2,0x7F,0xE0,0x00,0x7F,0xC7,
0xFC,0x00,0x0F,0xF0,0xFF,0x80,0x03,0xFE,0x1F,0xF0,
0x00,0xFF,0x81,0xFF,0x00,0x3F,0xF0,0x3F,0xF0,0x0F,
0xFC,0x07,0xFF,0x07,0xFF,0x80,0x7F,0xFF,0xFF,0xE0,
0x07,0xFF,0xFF,0xF8,0x00,0x7F,0xFF,0xFE,0x00,0x07,
0xFF,0xFF,0x80,0x00,0x7F,0xFF,0xC0,0x00,0x03,0xFF,
0xE0,0x00,0x00,0x01,0x00,0x00,0x00,0x11,0x2A,0x10,
0x08,0xA8,0x3F,0xFF,0xFF,0xFF,0x80,0xFF,0xFF,0xFF,
0xF8,0x3F,0xFF,0xFF,0xFF,0x00,0x00,0x00,0x7F,0xE0,
0x00,0x00,0x1F,0xF8,0x00,0x00,0x03,0xFE,0x00,0x00,
0x00,0xFF,0xC0,0x00,0x00,0x3F,0xF0,0x00,0x00,0x07,
0xFC,0x00,0x00,0x01,0xFF,0x80,0x00,0x00,0x7F,0xE0,
0x00,0x00,0x0F,0xF8,0x00,0x00,0x03,0xFF,0x00,0x00,
0x00,0xFF,0xC0,0x00,0x00,0x1F,0xF0,0x00,0x00,0x07,
0xFE,0x00,0x00,0x01,0xFF,0x80,0x00,0x00,0x3F,0xE0,
0x00,0x00,0x0F,0xFC,0x00,0x00,0x03,0xFF,0x00,0x00,
0x00,0x7F,0xC0,0x00,0x00,0x1F,0xF8,0x00,0x00,0x07,
0xFE,0x00,0x00,0x00,0xFF,0x80,0x00,0x00,0x3F,0xF0,
0x00,0x00,0x0F,0xFC,0x00,0x00,0x01,0xFF,0x00,0x00,
0x00,0x7F,0xE0,0x00,0x00,0x1F,0xF8,0x00,0x00,0x03,
0xFE,0x00,0x00,0x00,0xFF,0xC0,0x00,0x00,0x3F,0xF0,
0x00,0x00,0x07,0xFC,0x00,0x00,0x01,0xFF,0x80,0x00,
0x00,0x7F,0xE0,0x00,0x00,0x0F,0xF8,0x00,0x00,0x03,
0xFE,0x00,0x00,0x00,0xFF,0xC0,0x00,0x00,0x00,0x11,
0x2C,0x17,0xF9,0x80,0x00,0x01,0x00,0x00,0x00,0x0F,
0xFF,0x80,0x00,0x07,0xFF,0xFE,0x00,0x03,0xFF,0xFF,
0xE0,0x00,0xFF,0xFF,0xFE,0x00,0x3F,0xFF,0xFF,0xE0,
0x0F,0xFF,0xFF,0xFE,0x03,0xFF,0xC1,0xFF,0xC0,0x7F,
0xE0,0x1F,0xF8,0x1F,0xF8,0x01,0xFF,0x03,0xFE,0x00,
0x1F,0xF0,0x0F,0xF0,0x00,0x7F,0x81,0xFE,0x00,0x1F,
0xF0,0x3F,0xC0,0x03,0xFC,0x07,0xF8,0x00,0xFF,0x80,
0xFF,0x80,0x3F,0xE0,0x0F,0xFC,0x1F,0xF8,0x01,0xFF,
0xFF,0xFE,0x00,0x0F,0xFF,0xFF,0x80,0x00,0xFF,0xFF,
0x80,0x00,0x1F,0xFF,0xF8,0x00,0x0F,0xFF,0xFF,0xC0,
0x07,0xFF,0xFF,0xFC,0x01,0xFF,0xFF,0xFF,0xC0,0x7F,
0xE0,0x1F,0xFC,0x1F,0xF8,0x01,0xFF,0x87,0xFE,0x00,
0x1F,0xF0,0xFF,0x80,0x03,0xFF,0x47,0xFC,0x00,0x07,
0xFC,0xFF,0x80,0x01,0xFF,0x9F,0xF0,0x00,0x3F,0xE3,
0xFE,0x00,0x0F,0xFC,0x7F,0xE0,0x01,0xFF,0x8F,0xFE,
0x00,0xFF,0xE1,0xFF,0xF0,0x7F,0xF8,0x1F,0xFF,0xFF,
0xFF,0x01,0xFF,0xFF,0xFF,0xC0,0x1F,0xFF,0xFF,0xF0,
0x01,0xFF,0xFF,0xF8,0x00,0x1F,0xFF,0xFC,0x00,0x00,
0x7F,0xFE,0x00,0x00,0x00,0x30,0x00,0x00,0x11,0xAC,
0x17,0xF9,0x80,0x00,0x01,0x00,0x00,0x00,0x07,0xFF,
0x80,0x00,0x01,0xFF,0xFF,0x00,0x00,0x7F,0xFF,0xF8,
0x00,0x0F,0xFF,0xFF,0xC0,0x01,0xFF,0xFF,0xFE,0x00,
0x3F,0xFF,0xFF,0xF0,0x07,0xFF,0x07,0xFF,0x00,0xFF,
0xC0,0x1F,0xF8,0x0F,0xF8,0x00,0xFF,0x81,0xFF,0x00,
0x0F,0xF8,0x1F,0xE0,0x00,0x7F,0x83,0xFE,0x00,0x07,
0xFE,0x47,0xF8,0x00,0x0F,0xF8,0x7F,0x80,0x01,0xFF,
0x8F,0xF8,0x00,0x1F,0xF8,0xFF,0xC0,0x03,0xFF,0x87,
0xFC,0x00,0x7F,0xF0,0x7F,0xE0,0x0F,0xFF,0x07,0xFF,
0x83,0xFF,0xF0,0x7F,0xFF,0xFF,0xFF,0x03,0xFF,0xFF,
0xDF,0xF0,0x1F,0xFF,0xFD,0xFF,0x01,0xFF,0xFF,0x9F,
0xE0,0x07,0xFF,0xE1,0xFE,0x00,0x3F,0xF8,0x3F,0xE0,
0x00,0x7C,0x03,0xFC,0x40,0x00,0x00,0x0F,0xF8,0x8F,
0xF8,0x00,0x3F,0xE0,0xFF,0x80,0x07,0xFC,0x07,0xFC,
0x00,0xFF,0x80,0x7F,0xE0,0x3F,0xF8,0x07,0xFF,0xFF,
0xFF,0x00,0x3F,0xFF,0xFF,0xE0,0x01,0xFF,0xFF,0xFC,
0x00,0x0F,0xFF,0xFF,0x80,0x00,0x7F,0xFF,0xF0,0x00,
0x03,0xFF,0xFE,0x00,0x00,0x0F,0xFF,0x00,0x00,0x00,
0x02,0x00,0x00,0x00,0x06,0xA0,0x1F,0xF4,0xC0,0x10,
0x01,0xF8,0x0F,0xE8,0x0F,0xFC,0x0F,0xFC,0x1F,0xF0,
0x7F,0x80,0xFC,0x00,0x83,0x40,0x01,0x20,0x00,0x02,
0x00,0x7E,0x03,0xFC,0x1F,0xF0,0x9F,0xFC,0x3F,0xE0,
0x7F,0x80,0xFC,0x00,0x80,0x00,0x09,0x2A,0xFF,0x55,
0x00,0x00,0x80,0x00,0xFC,0x00,0x3F,0xC0,0x0F,0xFA,
0x40,0x3F,0xF0,0x07,0xFC,0x00,0x7F,0x80,0x0F,0xC0,
0x00,0x20,0xD0,0x00,0x03,0x00,0x00,0x00,0x3F,0xE1,
0x00,0xFF,0x04,0x07,0xF8,0x00,0xFE,0x02,0x07,0xF8,
0x00,0xFE,0x00,0x3F,0xC0,0x20,0xFE,0x00,0x1F,0x80,
0x07,0xF0,0x02,0x1F,0x80,0x08,0xFC,0x00,0x00,0x10,
0xA0,0x20,0x1A,0x00,0x00,0x00,0x00,0x70,0x00,0x00,
0x00,0x78,0x00,0x00,0x00,0x7E,0x00,0x00,0x00,0xFF,
0x80,0x00,0x00,0xFF,0xE0,0x00,0x01,0xFF,0xF8,0x00,
0x01,0xFF,0xFE,0x00,0x01,0xFF,0xFF,0x00,0x03,0xFF,
0xFF,0x80,0x03,0xFF,0xFF,0x00,0x07,0xFF,0xFE,0x00,
0x07,0xFF,0xFE,0x00,0x07,0xFF,0xFC,0x00,0x03,0xFF,
0xFC,0x00,0x00,0xFF,0xF8,0x00,0x00,0x87,0xFE,0x00,
0x00,0x01,0xFF,0xE0,0x00,0x00,0xFF,0xFE,0x00,0x00,
0x3F,0xFF,0xF0,0x00,0x03,0xFF,0xFF,0x00,0x00,0x3F,
0xFF,0xF0,0x00,0x03,0xFF,0xFF,0x00,0x00,0x3F,0xFF,
0xF8,0x00,0x01,0xFF,0xFF,0x80,0x00,0x1F,0xFF,0xC0,
0x00,0x01,0xFF,0xF0,0x00,0x00,0x1F,0xFC,0x00,0x00,
0x01,0xFF,0x00,0x00,0x00,0x1F,0xC0,0x00,0x00,0x01,
0xF0,0x00,0x00,0x00,0x18,0x00,0x10,0x15,0x20,0x7A,
0x24,0x7F,0xFF,0xFF,0xFE,0x47,0xFF,0xFF,0xFF,0x87,
0xFF,0xFF,0xFF,0xDA,0x00,0x00,0x00,0x00,0x7F,0xFF,
0xFF,0xFC,0x97,0xFF,0xFF,0xFF,0x89,0xFF,0xFF,0xFF,
0xF8,0x10,0xA0,0x18,0x1A,0x00,0x60,0x00,0x00,0x00,
0x3E,0x00,0x00,0x00,0x0F,0xE0,0x00,0x00,0x03,0xFE,
0x00,0x00,0x00,0xFF,0xE0,0x00,0x00,0x3F,0xFE,0x00,
0x00,0x0F,0xFF,0xE0,0x00,0x07,0xFF,0xFE,0x00,0x00,
0x7F,0xFF,0xE0,0x00,0x07,0xFF,0xFE,0x00,0x00,0x7F,
0xFF,0xE0,0x00,0x03,0xFF,0xFE,0x00,0x00,0x3F,0xFF,
0xF0,0x00,0x03,0xFF,0xF8,0x00,0x00,0x1F,0xFE,0x80,
0x00,0x00,0x3F,0xF0,0x00,0x00,0x7F,0xFC,0x00,0x00,
0x7F,0xFF,0x00,0x00,0xFF,0xFF,0x80,0x00,0xFF,0xFF,
0x80,0x01,0xFF,0xFF,0x80,0x03,0xFF,0xFF,0x00,0x03,
0xFF,0xFF,0x00,0x03,0xFF,0xFF,0x00,0x01,0xFF,0xFE,
0x00,0x00,0x7F,0xFE,0x00,0x00,0x1F,0xFC,0x00,0x00,
0x07,0xFC,0x00,0x00,0x01,0xF8,0x00,0x00,0x00,0x78,
0x00,0x00,0x00,0x38,0x00,0x00,0x00,0x00,0x0E,0x2C,
0x2F,0xF8,0x40,0x00,0x40,0x00,0x00,0x7F,0xF8,0x00,
0x1F,0xFF,0xF0,0x01,0xFF,0xFF,0xE0,0x1F,0xFF,0xFF,
0x81,0xFF,0xFF,0xFC,0x1F,0xFF,0xFF,0xF1,0xFF,0xC3,
0xFF,0x8F,0xF8,0x07,0xFE,0xFF,0x80,0x3F,0xF7,0xFC,
0x00,0xFF,0xBF,0xC0,0x07,0xFA,0x40,0x00,0x0F,0xF8,
0x00,0x00,0xFF,0x80,0x00,0x1F,0xFC,0x00,0x01,0xFF,
0xC0,0x00,0x3F,0xFC,0x00,0x03,0xFF,0xC0,0x00,0x7F,
0xF8,0x00,0x03,0xFF,0x80,0x00,0x3F,0xF0,0x00,0x03,
0xFE,0x00,0x10,0x03,0xFC,0x00,0x10,0x07,0xF8,0x00,
0x10,0x07,0xF0,0x00,0x12,0x00,0x00,0x00,0x00,0x08,
0x00,0x00,0x03,0xF8,0x00,0x04,0x07,0xFC,0x00,0x04,
0x8F,0xFC,0x00,0x04,0x0F,0xF8,0x00,0x00,0x3F,0x80,
0x00,0x00,0x20,0x00,0x00,0x1B,0xB6,0x17,0x4E,0xC0,
0x00,0x00,0x0F,0xFF,0x80,0x00,0x00,0x00,0x00,0xFF,
0xFF,0xF8,0x00,0x00,0x00,0x07,0xFF,0xFF,0xFE,0x00,
0x00,0x00,0x1F,0xFF,0xFF,0xFF,0x80,0x00,0x00,0x3F,
0xFF,0xFF,0xFF,0xE0,0x00,0x00,0xFF,0xFF,0xFF,0xFF,
0xF0,0x00,0x01,0xFF,0xFF,0xFF,0xFF,0xF8,0x00,0x03,
0xFF,0xF0,0x00,0x3F,0xFC,0x00,0x07,0xFF,0x00,0x00,
0x0F,0xFE,0x00,0x0F,0xFC,0x00,0x00,0x03,0xFE,0x00,
0x1F,0xF8,0x00,0x00,0x01,0xFF,0x00,0x3F,0xE0,0x00,
0x00,0x00,0xFF,0x00,0x7F,0xC0,0x00,0x00,0x00,0x7F,
0x80,0x7F,0x80,0x0F,0xE0,0x00,0x3F,0x80,0xFF,0x00,
0x7F,0xF9,0xF8,0x3F,0xC1,0xFE,0x00,0xFF,0xFD,0xF8,
0x3F,0xC1,0xFE,0x03,0xFF,0xFF,0xF8,0x1F,0xE0,0x7F,
0x80,0xFF,0xFF,0xFF,0x03,0xF8,0x7F,0x01,0xFF,0xFF,
0xFE,0x03,0xF8,0xFF,0x03,0xFE,0x03,0xFE,0x03,0xF8,
0xFE,0x03,0xF8,0x01,0xFE,0x03,0xF8,0xFE,0x07,0xF0,
0x00,0xFE,0x03,0xF9,0xFE,0x07,0xF0,0x00,0xFE,0x03,
0xF9,0xFC,0x0F,0xE0,0x00,0xFE,0x03,0xF9,0xFC,0x0F,
0xE0,0x00,0xFC,0x03,0xF9,0xFC,0x0F,0xC0,0x00,0xFC,
0x07,0xF3,0xFC,0x0F,0xC0,0x00,0xFC,0x07,0xF3,0xF8,
0x0F,0xC0,0x00,0xFC,0x07,0xF3,0xF8,0x0F,0xC0,0x01,
0xFC,0x07,0xF3,0xF8,0x0F,0xC0,0x01,0xFC,0x0F,0xE3,
0xF8,0x0F,0xC0,0x03,0xF8,0x0F,0xE3,0xF8,0x0F,0xE0,
0x03,0xF8,0x1F,0xC3,0xF8,0x0F,0xE0,0x07,0xF8,0x1F,
0xC3,0xF8,0x0F,0xF8,0x1F,0xFC,0x7F,0x83,0xFC,0x07,
0xFF,0xFF,0xFF,0xFF,0x83,0xFC,0x07,0xFF,0xFE,0xFF,
0xFF,0x03,0xFC,0x03,0xFF,0xFC,0xFF,0xFE,0x03,0xFC,
0x01,0xFF,0xF8,0xFF,0xFC,0x01,0xFE,0x00,0xFF,0xF0,
0x7F,0xF8,0x01,0xFE,0x00,0x3F,0xC0,0x1F,0xC0,0x01,
0xFF,0x00,0x00,0x00,0x00,0x00,0x00,0xFF,0x80,0x00,
0x00,0x00,0x00,0x00,0xFF,0xC0,0x00,0x00,0x00,0x00,
0x00,0x7F,0xE0,0x00,0x00,0x00,0x00,0x00,0x7F,0xF8,
0x00,0x00,0x20,0x00,0x00,0x3F,0xFF,0x00,0x03,0xE0,
0x00,0x00,0x1F,0xFF,0xFF,0xFF,0xF0,0x00,0x00,0x0F,
0xFF,0xFF,0xFF,0xF0,0x00,0x00,0x07,0xFF,0xFF,0xFF,
0xF0,0x00,0x00,0x01,0xFF,0xFF,0xFF,0xF0,0x00,0x00,
0x00,0x7F,0xFF,0xFF,0xE0,0x00,0x00,0x00,0x1F,0xFF,
0xFF,0x00,0x00,0x00,0x00,0x00,0xFF,0xF8,0x00,0x00,
0x00,0x14,0xAA,0xF8,0x0B,0x00,0x00,0x00,0xFF,0xF0,
0x08,0x00,0x00,0x0F,0xFF,0x80,0x00,0x00,0x07,0xFF,
0xE0,0x00,0x00,0x01,0xFF,0xFC,0x04,0x00,0x00,0x1F,
0xFF,0xE0,0x00,0x00,0x0F,0xFF,0xF8,0x00,0x00,0x03,
0xFD,0xFE,0x00,0x00,0x01,0xFF,0x7F,0x80,0x00,0x00,
0x7F,0xDF,0xF0,0x20,0x00,0x07,0xFC,0x7F,0x81,0x00,
0x00,0x7F,0xC3,0xFC,0x08,0x00,0x07,0xFC,0x1F,0xF0,
0x00,0x03,0xFF,0x07,0xFC,0x00,0x00,0xFF,0x81,0xFF,
0x00,0x00,0x7F,0xE0,0x7F,0xC0,0x00,0x1F,0xF0,0x0F,
0xF0,0x00,0x0F,0xFC,0x03,0xFE,0x00,0x03,0xFE,0x00,
0xFF,0x80,0x01,0xFF,0x80,0x3F,0xE0,0x00,0x7F,0xC0,
0x0F,0xF8,0x00,0x3F,0xFF,0xFF,0xFE,0x00,0x0F,0xFF,
0xFF,0xFF,0xC4,0x00,0xFF,0xFF,0xFF,0xFE,0x20,0x0F,
0xFF,0xFF,0xFF,0xF0,0x07,0xFF,0xFF,0xFF,0xFE,0x01,
0xFF,0x00,0x00,0xFF,0x80,0xFF,0xC0,0x00,0x3F,0xE0,
0x3F,0xE0,0x00,0x0F,0xF8,0x1F,0xF8,0x00,0x03,0xFE,
0x07,0xFC,0x00,0x00,0xFF,0x83,0xFF,0x00,0x00,0x3F,
0xF0,0xFF,0x80,0x00,0x07,0xFC,0x7F,0xE0,0x00,0x01,
0xFF,0x1F,0xF0,0x00,0x00,0x7F,0xCF,0xFC,0x00,0x00,
0x1F,0xF8,0x12,0x2A,0x08,0x09,0xC0,0x3F,0xFF,0xFF,
0x00,0x01,0xFF,0xFF,0xFF,0x00,0x0F,0xFF,0xFF,0xFC,
0x00,0x7F,0xFF,0xFF,0xF2,0x00,0xFF,0xFF,0xFF,0xF8,
0x07,0xFF,0xFF,0xFF,0xE0,0x3F,0xE0,0x03,0xFF,0x80,
0x3F,0xC0,0x01,0xFF,0xA0,0x7F,0xC0,0x01,0xFF,0x03,
0xFE,0x00,0x1F,0xF0,0x1F,0xE0,0x01,0xFF,0x81,0xFF,
0x00,0x1F,0xF8,0x0F,0xF8,0x03,0xFF,0x80,0x7F,0xFF,
0xFF,0xF0,0x03,0xFF,0xFF,0xFE,0x00,0x1F,0xFF,0xFF,
0xC0,0x00,0xFF,0xFF,0xFF,0xC0,0x0F,0xFF,0xFF,0xFF,
0x80,0x7F,0xFF,0xFF,0xFE,0x03,0xFE,0x00,0x3F,0xF9,
0x03,0xFE,0x00,0x0F,0xF8,0x1F,0xE0,0x00,0x3F,0xE9,
0x3F,0xE0,0x00,0x3F,0xE8,0x3F,0xE0,0x00,0x7F,0xC1,
0xFE,0x00,0x07,0xFE,0x1F,0xF0,0x00,0xFF,0xE0,0xFF,
0xFF,0xFF,0xFF,0x07,0xFF,0xFF,0xFF,0xF0,0x3F,0xFF,
0xFF,0xFF,0x01,0xFF,0xFF,0xFF,0xF0,0x0F,0xFF,0xFF,
0xFF,0x00,0xFF,0xFF,0xFF,0xE0,0x07,0xFF,0xFF,0xF8,
0x00,0x00,0x14,0x2C,0x1F,0xFA,0xC0,0x00,0x00,0x20,
0x00,0x00,0x00,0x07,0xFF,0xC0,0x00,0x00,0x1F,0xFF,
0xF8,0x00,0x00,0x3F,0xFF,0xFF,0x00,0x00,0x3F,0xFF,
0xFF,0xC0,0x00,0x7F,0xFF,0xFF,0xF0,0x00,0x7F,0xFF,
0xFF,0xFC,0x00,0x7F,0xFF,0xFF,0xFF,0x00,0x7F,0xFF,
0xFF,0xFF,0x80,0x3F,0xFC,0x00,0xFF,0xE0,0x3F,0xF8,
0x00,0x3F,0xF0,0x3F,0xF8,0x00,0x0F,0xF8,0x1F,0xF8,
0x00,0x07,0xFE,0x1F,0xF8,0x00,0x01,0xFF,0x0F,0xF8,
0x00,0x00,0xFF,0x8F,0xFC,0x00,0x00,0x7F,0xE0,0xFF,
0x80,0x00,0x00,0x02,0x5F,0xF0,0x00,0x00,0x00,0x0F,
0xF0,0x00,0x00,0x00,0x19,0xFF,0x00,0x00,0x00,0x00,
0xFF,0x80,0x00,0x07,0xF8,0x7F,0xC0,0x00,0x07,0xFC,
0x1F,0xF0,0x00,0x03,0xFE,0x0F,0xF8,0x00,0x03,0xFE,
0x07,0xFE,0x00,0x03,0xFF,0x03,0xFF,0x80,0x03,0xFF,
0x00,0xFF,0xE0,0x07,0xFF,0x00,0x7F,0xFF,0xFF,0xFF,
0x80,0x1F,0xFF,0xFF,0xFF,0x80,0x07,0xFF,0xFF,0xFF,
0x80,0x03,0xFF,0xFF,0xFF,0x80,0x00,0xFF,0xFF,0xFF,
0x80,0x00,0x1F,0xFF,0xFF,0x00,0x00,0x07,0xFF,0xFE,
0x00,0x00,0x00,0x7F,0xFC,0x00,0x00,0x00,0x00,0x80,
0x00,0x00,0x14,0x2A,0x08,0x0A,0x80,0x3F,0xFF,0xFC,
0x00,0x00,0x1F,0xFF,0xFF,0xC0,0x00,0x0F,0xFF,0xFF,
0xF8,0x00,0x07,0xFF,0xFF,0xFF,0x00,0x07,0xFF,0xFF,
0xFF,0xC0,0x03,0xFF,0xFF,0xFF,0xF0,0x01,0xFF,0xFF,
0xFF,0xFC,0x00,0xFF,0x80,0x1F,0xFF,0x00,0x7F,0x80,
0x03,0xFF,0x80,0x3F,0xC0,0x00,0xFF,0xC0,0x3F,0xE0,
0x00,0x3F,0xF4,0x03,0xFE,0x00,0x01,0xFF,0x01,0xFF,
0x00,0x00,0x7F,0xE0,0x1F,0xE0,0x00,0x07,0xFE,0x83,
0xFE,0x00,0x00,0x7F,0xC1,0xFF,0x00,0x00,0x3F,0xC0,
0xFF,0x00,0x00,0x1F,0xE9,0x1F,0xF0,0x00,0x03,0xFE,
0x0F,0xF8,0x00,0x01,0xFE,0x07,0xFC,0x00,0x01,0xFF,
0x03,0xFC,0x00,0x00,0xFF,0x90,0x7F,0xC0,0x00,0x1F,
0xF0,0x3F,0xE0,0x00,0x1F,0xF0,0x1F,0xF0,0x00,0x1F,
0xF8,0x0F,0xF8,0x00,0x1F,0xF8,0x07,0xF8,0x00,0x3F,
0xF8,0x07,0xFC,0x00,0xFF,0xFC,0x03,0xFF,0xFF,0xFF,
0xFC,0x01,0xFF,0xFF,0xFF,0xFC,0x00,0xFF,0xFF,0xFF,
0xFC,0x00,0x7F,0xFF,0xFF,0xF8,0x00,0x3F,0xFF,0xFF,
0xF0,0x00,0x3F,0xFF,0xFF,0xE0,0x00,0x1F,0xFF,0xFF,
0x80,0x00,0x00,0x12,0x2A,0x08,0x09,0x00,0x3F,0xFF,
0xFF,0xFF,0x20,0x3F,0xFF,0xFF,0xFD,0x00,0x7F,0xFF,
0xFF,0xFC,0x03,0xFF,0xFF,0xFF,0xC0,0x1F,0xF0,0x00,
0x00,0x40,0x1F,0xE0,0x00,0x00,0x58,0x3F,0xE0,0x00,
0x00,0x01,0xFE,0x00,0x00,0x00,0x1F,0xF0,0x00,0x00,
0x16,0x1F,0xFF,0xFF,0xFC,0x10,0x3F,0xFF,0xFF,0xF8,
0x10,0x3F,0xE0,0x00,0x00,0x10,0x3F,0xC0,0x00,0x00,
0x16,0x7F,0xC0,0x00,0x00,0x03,0xFC,0x00,0x00,0x00,
0x3F,0xE0,0x00,0x00,0x04,0x3F,0xFF,0xFF,0xFE,0x04,
0xBF,0xFF,0xFF,0xFC,0x04,0x7F,0xFF,0xFF,0xFC,0x00,
0x11,0xAA,0x08,0x08,0xA8,0x07,0xFF,0xFF,0xFF,0xC8,
0x1F,0xFF,0xFF,0xFE,0x01,0xFF,0x00,0x00,0x08,0x03,
0xFC,0x00,0x00,0x14,0x0F,0xF8,0x00,0x00,0x20,0x1F,
0xE0,0x00,0x00,0x48,0x7F,0xC0,0x00,0x00,0x90,0xFF,
0xFF,0xFF,0xC0,0x1F,0xFF,0xFF,0xFC,0x12,0x3F,0xFF,
0xFF,0xF0,0x20,0x7F,0x80,0x00,0x00,0x51,0xFF,0x00,
0x00,0x00,0x83,0xFC,0x00,0x00,0x01,0x4F,0xF8,0x00,
0x00,0x02,0x1F,0xE0,0x00,0x00,0x04,0x7F,0xC0,0x00,
0x00,0x00,0x14,0x2C,0x1F,0xFB,0x00,0x00,0x00,0x20,
0x00,0x00,0x00,0x07,0xFF,0xC0,0x00,0x00,0x1F,0xFF,
0xF8,0x00,0x00,0x3F,0xFF,0xFF,0x00,0x00,0x3F,0xFF,
0xFF,0xC0,0x00,0x7F,0xFF,0xFF,0xF0,0x00,0x7F,0xFF,
0xFF,0xFC,0x00,0x7F,0xFF,0xFF,0xFF,0x00,0x7F,0xFF,
0xFF,0xFF,0x80,0x3F,0xFC,0x00,0xFF,0xE0,0x3F,0xF8,
0x00,0x3F,0xF0,0x3F,0xF8,0x00,0x0F,0xF8,0x1F,0xF8,
0x00,0x07,0xFE,0x1F,0xF8,0x00,0x01,0xFF,0x0F,0xF8,
0x00,0x00,0xFF,0x8F,0xFC,0x00,0x00,0x00,0x20,0xFF,
0x80,0x00,0x00,0x02,0x1F,0xF0,0x00,0x00,0x00,0x0F,
0xF8,0x00,0xFF,0xFF,0xC7,0xF8,0x00,0x7F,0xFF,0xE8,
0xFF,0x80,0x07,0xFF,0xFE,0x8F,0xF8,0x00,0x7F,0xFF,
0xC7,0xFC,0x00,0x7F,0xFF,0xE4,0x7F,0xC0,0x00,0x03,
0xFE,0x3F,0xE0,0x00,0x01,0xFE,0x0F,0xF8,0x00,0x01,
0xFF,0x07,0xFC,0x00,0x01,0xFF,0x83,0xFF,0x00,0x01,
0xFF,0x81,0xFF,0xC0,0x01,0xFF,0xC0,0x7F,0xF0,0x03,
0xFF,0xC0,0x3F,0xFF,0xFF,0xFF,0xC0,0x0F,0xFF,0xFF,
0xFF,0xC0,0x03,0xFF,0xFF,0xFF,0xC0,0x01,0xFF,0xFF,
0xFF,0xC0,0x00,0x7F,0xFF,0xFF,0xC0,0x00,0x0F,0xFF,
0xFF,0xC0,0x00,0x03,0xFF,0xFF,0x80,0x00,0x00,0x3F,
0xFE,0x00,0x00,0x00,0x00,0x40,0x00,0x00,0x15,0xAA,
0x08,0x0B,0x24,0x07,0xFC,0x00,0x00,0xFF,0x80,0x7F,
0x80,0x00,0x0F,0xF8,0x0F,0xF8,0x00,0x00,0xFF,0x50,
0x1F,0xF0,0x00,0x03,0xFE,0x01,0xFE,0x00,0x00,0x3F,
0xE0,0x3F,0xE0,0x00,0x03,0xFC,0x90,0x7F,0xC0,0x00,
0x0F,0xF9,0x00,0xFF,0x00,0x00,0x1F,0xF0,0x1F,0xF0,
0x00,0x01,0xFE,0x2C,0x3F,0xFF,0xFF,0xFF,0xFC,0x40,
0xFF,0xFF,0xFF,0xFF,0xF0,0x81,0xFF,0x00,0x00,0x3F,
0xE1,0x03,0xFC,0x00,0x00,0x7F,0xC0,0x7F,0xC0,0x00,
0x07,0xF8,0x24,0xFF,0x80,0x00,0x1F,0xF0,0x41,0xFE,
0x00,0x00,0x3F,0xE0,0x3F,0xE0,0x00,0x03,0xFC,0x09,
0x7F,0xC0,0x00,0x0F,0xF8,0x10,0xFF,0x00,0x00,0x1F,
0xF0,0x1F,0xF0,0x00,0x01,0xFE,0x01,0xFF,0x00,0x00,
0x3F,0xE0,0x00,0x08,0x2A,0x08,0x04,0x24,0x07,0xFC,
0x03,0xFD,0x60,0x7F,0xC0,0x3F,0xCB,0x07,0xFC,0x03,
0xFC,0x50,0x7F,0xC4,0x07,0xF8,0x50,0xFF,0x84,0x0F,
0xF0,0x51,0xFF,0x04,0x1F,0xE0,0x53,0xFE,0x04,0x3F,
0xC0,0x47,0xFC,0x00,0x11,0x2B,0x0F,0xF8,0x80,0x00,
0x00,0x0F,0xFC,0x00,0x00,0x00,0x3F,0xD4,0x00,0x00,
0x01,0xFF,0x40,0x00,0x00,0x07,0xF9,0x40,0x00,0x00,
0x3F,0xE4,0x00,0x00,0x00,0xFF,0x14,0x00,0x00,0x07,
0xFC,0x40,0x00,0x00,0x1F,0xE1,0x40,0x00,0x00,0xFF,
0x84,0x00,0x00,0x03,0xFC,0x07,0xFC,0x00,0xFF,0x80,
0xFF,0x00,0x1F,0xF0,0x3F,0xE0,0x03,0xFE,0x08,0xFF,
0x80,0x0F,0xF0,0x23,0xFE,0x00,0x7F,0xC0,0x7F,0xE0,
0x1F,0xF0,0x07,0xFF,0x0F,0xFE,0x00,0xFF,0xFF,0xFF,
0x80,0x1F,0xFF,0xFF,0xE0,0x01,0xFF,0xFF,0xF8,0x00,
0x1F,0xFF,0xFE,0x00,0x01,0xFF,0xFF,0x00,0x00,0x0F,
0xFF,0x80,0x00,0x00,0x06,0x00,0x00,0x00,0x15,0xAA,
0x08,0x0A,0x80,0x3F,0xE0,0x00,0x1F,0xFC,0x03,0xFE,
0x00,0x03,0xFF,0x80,0x3F,0xE0,0x00,0x7F,0xF0,0x03,
0xFE,0x00,0x0F,0xFE,0x00,0x7F,0xC0,0x01,0xFF,0xC0,
0x07,0xFC,0x00,0x3F,0xF8,0x00,0x7F,0xC0,0x07,0xFF,
0x00,0x07,0xFC,0x00,0xFF,0xE0,0x00,0x7F,0xC0,0x1F,
0xFC,0x00,0x07,0xFC,0x03,0xFF,0x80,0x00,0xFF,0x80,
0x7F,0xF0,0x00,0x0F,0xF8,0x0F,0xFE,0x00,0x00,0xFF,
0x81,0xFF,0xC0,0x00,0x0F,0xF8,0x3F,0xF8,0x00,0x00,
0xFF,0x87,0xFF,0x00,0x00,0x0F,0xF8,0xFF,0xE0,0x00,
0x01,0xFF,0x1F,0xFC,0x00,0x00,0x1F,0xF3,0xFF,0x80,
0x00,0x01,0xFF,0x7F,0xF0,0x00,0x00,0x1F,0xFF,0xFF,
0x00,0x00,0x20,0x3F,0xFF,0xFF,0x00,0x00,0x40,0xFF,
0xFF,0xFF,0x00,0x00,0x0F,0xFF,0xDF,0xF8,0x00,0x00,
0xFF,0xF8,0xFF,0x80,0x00,0x0F,0xFF,0x0F,0xFC,0x00,
0x00,0xFF,0xE0,0x7F,0xC0,0x00,0x1F,0xFC,0x07,0xFE,
0x00,0x01,0xFF,0x80,0x3F,0xE0,0x00,0x1F,0xF0,0x03,
0xFF,0x00,0x01,0xFF,0x00,0x1F,0xF0,0x00,0x1F,0xF0,
0x01,0xFF,0x80,0x01,0xFF,0x00,0x0F,0xF8,0x00,0x3F,
0xE0,0x00,0xFF,0xC0,0x03,0xFE,0x00,0x07,0xFC,0x00,
0x3F,0xE0,0x00,0x7F,0xE0,0x03,0xFE,0x00,0x03,0xFE,
0x00,0x3F,0xE0,0x00,0x3F,0xF0,0x03,0xFE,0x00,0x01,
0xFF,0x80,0x7F,0xC0,0x00,0x1F,0xF8,0x07,0xFC,0x00,
0x00,0xFF,0xC0,0x0E,0x2A,0x08,0x08,0x64,0x07,0xFC,
0x00,0x00,0x3F,0xC0,0x01,0x60,0x7F,0xC0,0x00,0x03,
0xFC,0x00,0x0B,0x07,0xFC,0x00,0x00,0x3F,0xC0,0x00,
0x58,0x7F,0xC0,0x00,0x03,0xFC,0x00,0x02,0xC7,0xFC,
0x00,0x00,0x3F,0xC0,0x00,0x16,0x7F,0xC0,0x00,0x03,
0xFC,0x00,0x00,0x3F,0xE0,0x00,0x05,0xBF,0xFF,0xFF,
0xFC,0x7F,0xFF,0xFF,0xF0,0x1B,0x2A,0x08,0x0D,0xA0,
0x07,0xFF,0xE0,0x00,0x03,0xFF,0xF0,0x0F,0xFF,0xC0,
0x00,0x0F,0xFF,0xE0,0x1F,0xFF,0x80,0x00,0x1F,0xFF,
0x80,0x7F,0xFF,0x00,0x00,0x7F,0xFF,0x00,0xFF,0xFF,
0x00,0x00,0xFF,0xFE,0x80,0x3F,0xFF,0xC0,0x00,0x7F,
0xFF,0xA0,0x0F,0xFF,0xF0,0x00,0x3F,0xFF,0xC0,0x3F,
0xFF,0xF0,0x00,0xFF,0x7F,0x80,0x7F,0xDF,0xE0,0x01,
0xFE,0xFF,0x00,0xFF,0xBF,0xC0,0x07,0xFB,0xFE,0x01,
0xFE,0x7F,0x80,0x0F,0xF7,0xFC,0x03,0xFC,0xFF,0x00,
0x3F,0xCF,0xF0,0x07,0xF9,0xFE,0x00,0xFF,0x9F,0xE0,
0x1F,0xF3,0xFE,0x01,0xFE,0x3F,0xC0,0x3F,0xE7,0xFC,
0x07,0xFC,0xFF,0x80,0x7F,0xCF,0xF8,0x0F,0xF1,0xFF,
0x00,0xFF,0x8F,0xF0,0x3F,0xE3,0xFE,0x20,0x3F,0xC3,
0xFC,0x0F,0xF0,0xFF,0x00,0xFF,0x87,0xFC,0x3F,0xE3,
0xFE,0x01,0xFF,0x0F,0xF8,0x7F,0x87,0xFC,0x03,0xFE,
0x1F,0xF1,0xFE,0x0F,0xF8,0x07,0xFC,0x1F,0xE3,0xFC,
0x1F,0xF0,0x81,0xFE,0x07,0xF9,0xFE,0x07,0xF8,0x07,
0xFC,0x0F,0xF3,0xF8,0x1F,0xF0,0x0F,0xF8,0x1F,0xEF,
0xF0,0x3F,0xE0,0x83,0xFE,0x03,0xFB,0xF8,0x0F,0xF8,
0x20,0xFF,0x00,0xFF,0xFC,0x03,0xFC,0x03,0xFE,0x01,
0xFF,0xF0,0x0F,0xF8,0x07,0xFC,0x01,0xFF,0xE0,0x1F,
0xF0,0x21,0xFF,0x00,0x7F,0xF0,0x07,0xFC,0x08,0x7F,
0x80,0x1F,0xF8,0x01,0xFE,0x01,0xFF,0x00,0x1F,0xE0,
0x07,0xFC,0x03,0xFE,0x00,0x3F,0x80,0x0F,0xF8,0x00,
0x16,0x2A,0x08,0x0B,0x00,0x3F,0xF0,0x00,0x03,0xFF,
0x00,0x3F,0xF8,0x00,0x03,0xFE,0x01,0xFF,0xC0,0x00,
0x1F,0xE8,0x03,0xFF,0xE0,0x00,0x3F,0xE8,0x03,0xFF,
0xF0,0x00,0x3F,0xE0,0x1F,0xFF,0xC0,0x01,0xFF,0x00,
0xFF,0xFE,0x00,0x0F,0xF2,0x01,0xFF,0xFF,0x00,0x1F,
0xF0,0x0F,0xFF,0xFC,0x00,0xFF,0x80,0x7F,0x9F,0xE0,
0x07,0xFC,0x03,0xFC,0xFF,0x80,0x3F,0xE0,0x1F,0xE7,
0xFC,0x01,0xFE,0x01,0xFF,0x1F,0xE0,0x1F,0xF1,0x01,
0xFF,0x1F,0xF0,0x1F,0xF1,0x01,0xFF,0x0F,0xF8,0x1F,
0xF0,0x0F,0xF8,0x3F,0xE0,0xFF,0x00,0xFF,0x81,0xFF,
0x0F,0xF8,0x40,0xFF,0x80,0xFF,0x8F,0xF8,0x07,0xFC,
0x03,0xFC,0x7F,0xC0,0x3F,0xE0,0x1F,0xF3,0xFE,0x01,
0xFF,0x00,0x7F,0x9F,0xE0,0x1F,0xF0,0x03,0xFC,0xFF,
0x00,0xFF,0x80,0x1F,0xF7,0xF8,0x20,0xFF,0x80,0x0F,
0xFF,0xF8,0x07,0xFC,0x00,0x3F,0xFF,0xC0,0x3F,0xE0,
0x01,0xFF,0xFC,0x08,0x7F,0xC0,0x00,0xFF,0xFC,0x08,
0x7F,0xC0,0x00,0x7F,0xFC,0x03,0xFE,0x00,0x01,0xFF,
0xE0,0x1F,0xF0,0x00,0x0F,0xFE,0x02,0x3F,0xE0,0x00,
0x07,0xFE,0x00,0x14,0x2C,0x1F,0xFB,0x40,0x00,0x00,
0x20,0x00,0x00,0x00,0x07,0xFF,0xC0,0x00,0x00,0x1F,
0xFF,0xF8,0x00,0x00,0x3F,0xFF,0xFF,0x00,0x00,0x3F,
0xFF,0xFF,0xC0,0x00,0x7F,0xFF,0xFF,0xF0,0x00,0x7F,
0xFF,0xFF,0xFC,0x00,0x7F,0xFF,0xFF,0xFF,0x00,0x7F,
0xFF,0xFF,0xFF,0x80,0x3F,0xFC,0x00,0xFF,0xE0,0x3F,
0xF8,0x00,0x3F,0xF0,0x3F,0xF8,0x00,0x0F,0xFC,0x1F,
0xF8,0x00,0x03,0xFE,0x1F,0xF8,0x00,0x01,0xFF,0x0F,
0xF8,0x00,0x00,0xFF,0x8F,0xFC,0x00,0x00,0x3F,0xE0,
0xFF,0x80,0x00,0x03,0xFE,0x5F,0xF0,0x00,0x00,0x3F,
0xCF,0xF8,0x00,0x00,0x3F,0xF3,0xFF,0x00,0x00,0x03,
0xFF,0x1F,0xF0,0x00,0x00,0x7F,0xCF,0xF8,0x00,0x00,
0x7F,0xE7,0xFC,0x00,0x00,0x3F,0xE3,0xFE,0x00,0x00,
0x3F,0xF0,0xFF,0x80,0x00,0x1F,0xF8,0x7F,0xC0,0x00,
0x1F,0xF8,0x3F,0xF0,0x00,0x1F,0xF8,0x1F,0xFC,0x00,
0x3F,0xFC,0x07,0xFF,0x00,0x3F,0xFC,0x03,0xFF,0xFF,
0xFF,0xFC,0x00,0xFF,0xFF,0xFF,0xFE,0x00,0x3F,0xFF,
0xFF,0xFE,0x00,0x1F,0xFF,0xFF,0xFC,0x00,0x07,0xFF,
0xFF,0xFC,0x00,0x00,0xFF,0xFF,0xF8,0x00,0x00,0x3F,
0xFF,0xF8,0x00,0x00,0x03,0xFF,0xE0,0x00,0x00,0x00,
0x04,0x00,0x00,0x00,0x12,0xAA,0x08,0x09,0x80,0x3F,
0xFF,0xFE,0x00,0x00,0xFF,0xFF,0xFF,0x00,0x03,0xFF,
0xFF,0xFF,0x00,0x0F,0xFF,0xFF,0xFE,0x20,0x0F,0xFF,
0xFF,0xFF,0x80,0x3F,0xFF,0xFF,0xFF,0x00,0xFF,0x80,
0x1F,0xFC,0x03,0xFC,0x00,0x3F,0xF8,0x0F,0xF0,0x00,
0x7F,0xE0,0x7F,0xC0,0x01,0xFF,0xC8,0x3F,0xE0,0x00,
0x7F,0xC0,0xFF,0x00,0x01,0xFE,0x03,0xFC,0x00,0x0F,
0xF8,0x1F,0xF0,0x00,0x3F,0xE0,0x7F,0xC0,0x01,0xFF,
0x81,0xFF,0x00,0x07,0xFC,0x07,0xFC,0x00,0x3F,0xF0,
0x1F,0xF0,0x03,0xFF,0x80,0x7F,0xFF,0xFF,0xFC,0x03,
0xFF,0xFF,0xFF,0xF0,0x0F,0xFF,0xFF,0xFF,0x80,0x3F,
0xFF,0xFF,0xF8,0x00,0xFF,0xFF,0xFF,0xC0,0x03,0xFF,
0xFF,0xFC,0x00,0x0F,0xFF,0xFF,0x80,0x02,0x8F,0xF8,
0x00,0x00,0x01,0x07,0xF8,0x00,0x00,0x00,0xA7,0xFC,
0x00,0x00,0x00,0x43,0xFC,0x00,0x00,0x00,0x23,0xFE,
0x00,0x00,0x00,0x00,0x14,0x2E,0x1F,0xDB,0x40,0x00,
0x00,0x20,0x00,0x00,0x00,0x07,0xFF,0xC0,0x00,0x00,
0x1F,0xFF,0xF8,0x00,0x00,0x3F,0xFF,0xFF,0x00,0x00,
0x3F,0xFF,0xFF,0xC0,0x00,0x7F,0xFF,0xFF,0xF0,0x00,
0x7F,0xFF,0xFF,0xFC,0x00,0x7F,0xFF,0xFF,0xFF,0x00,
0x7F,0xFF,0xFF,0xFF,0x80,0x3F,0xFC,0x00,0xFF,0xE0,
0x3F,0xF8,0x00,0x3F,0xF0,0x3F,0xF8,0x00,0x0F,0xFC,
0x1F,0xF8,0x00,0x03,0xFE,0x1F,0xF8,0x00,0x01,0xFF,
0x0F,0xF8,0x00,0x00,0xFF,0x8F,0xFC,0x00,0x00,0x3F,
0xE0,0xFF,0x80,0x00,0x03,0xFE,0x5F,0xF0,0x00,0x00,
0x3F,0xCF,0xF8,0x00,0x00,0x3F,0xF3,0xFF,0x00,0x00,
0x03,0xFF,0x3F,0xF0,0x00,0x00,0x7F,0xCF,0xF8,0x07,
0xF0,0x7F,0xC7,0xFC,0x03,0xF8,0x7F,0xE1,0xFF,0x00,
0xFE,0x3F,0xF0,0xFF,0x80,0x3F,0x3F,0xF0,0x7F,0xE0,
0x1F,0xFF,0xF0,0x3F,0xF8,0x07,0xFF,0xF8,0x0F,0xFE,
0x03,0xFF,0xF8,0x07,0xFF,0xFF,0xFF,0xF8,0x01,0xFF,
0xFF,0xFF,0xF8,0x00,0x7F,0xFF,0xFF,0xF8,0x00,0x3F,
0xFF,0xFF,0xF8,0x00,0x0F,0xFF,0xFF,0xFC,0x00,0x01,
0xFF,0xFF,0xFE,0x00,0x00,0x7F,0xFF,0xFF,0x80,0x00,
0x07,0xFF,0xDF,0xE0,0x00,0x00,0x08,0x07,0xF0,0x00,
0x00,0x00,0x03,0xFC,0x00,0x00,0x00,0x00,0xFF,0x00,
0x12,0xAA,0x08,0x09,0x80,0x3F,0xFF,0xFF,0x00,0x00,
0xFF,0xFF,0xFF,0x00,0x03,0xFF,0xFF,0xFF,0x00,0x0F,
0xFF,0xFF,0xFE,0x00,0x7F,0xFF,0xFF,0xFC,0x80,0x3F,
0xFF,0xFF,0xFF,0x00,0xFF,0x80,0x1F,0xFD,0x00,0x7F,
0x80,0x03,0xFF,0xA0,0x7F,0xC0,0x00,0xFF,0xC0,0x3F,
0xC0,0x00,0xFF,0x81,0xFF,0x00,0x03,0xFE,0x07,0xFC,
0x00,0x1F,0xF0,0x1F,0xF0,0x00,0xFF,0xC0,0x7F,0xC0,
0x0F,0xFE,0x01,0xFF,0xFF,0xFF,0xF8,0x07,0xFF,0xFF,
0xFF,0xC0,0x3F,0xFF,0xFF,0xFE,0x00,0xFF,0xFF,0xFF,
0xF0,0x03,0xFF,0xFF,0xFF,0x00,0x0F,0xFF,0xFF,0xF0,
0x00,0x3F,0xFF,0xFF,0xE0,0x00,0xFF,0x00,0xFF,0x80,
0x07,0xFC,0x03,0xFE,0x00,0x1F,0xF0,0x0F,0xFC,0x02,
0x0F,0xF8,0x03,0xFE,0x00,0x3F,0xC0,0x0F,0xFC,0x00,
0xFF,0x00,0x1F,0xF0,0x10,0xFF,0x80,0x0F,0xFC,0x03,
0xFE,0x00,0x1F,0xF0,0x0F,0xF8,0x00,0x7F,0xE0,0x87,
0xF8,0x00,0x1F,0xF0,0x3F,0xE0,0x00,0x7F,0xE0,0xFF,
0x80,0x00,0xFF,0x80,0x12,0x2C,0x17,0xF9,0x80,0x00,
0x00,0x80,0x00,0x00,0x01,0xFF,0xF0,0x00,0x00,0x7F,
0xFF,0xE0,0x00,0x0F,0xFF,0xFF,0xC0,0x00,0xFF,0xFF,
0xFF,0x00,0x0F,0xFF,0xFF,0xFC,0x00,0xFF,0xFF,0xFF,
0xF0,0x0F,0xFF,0x07,0xFF,0x80,0x7F,0xC0,0x0F,0xFC,
0x07,0xFC,0x00,0x3F,0xF0,0x3F,0xC0,0x00,0xFF,0xC0,
0x7F,0xC0,0x00,0xFF,0xC0,0x7F,0xC0,0x00,0x00,0x03,
0xFF,0x00,0x00,0x00,0x1F,0xFE,0x00,0x00,0x00,0xFF,
0xFE,0x00,0x00,0x07,0xFF,0xFF,0x00,0x00,0x1F,0xFF,
0xFF,0x00,0x00,0xFF,0xFF,0xFE,0x00,0x03,0xFF,0xFF,
0xFC,0x00,0x07,0xFF,0xFF,0xF0,0x00,0x0F,0xFF,0xFF,
0xC0,0x00,0x1F,0xFF,0xFE,0x00,0x00,0x0F,0xFF,0xF8,
0x00,0x00,0x07,0xFF,0xC0,0x00,0x00,0x0F,0xFE,0x20,
0x00,0x00,0x03,0xFE,0x23,0xFC,0x00,0x03,0xFE,0x1F,
0xF0,0x00,0x1F,0xF0,0xFF,0x80,0x00,0xFF,0x07,0xFC,
0x00,0x0F,0xF8,0x3F,0xF8,0x01,0xFF,0xC0,0xFF,0xF0,
0x3F,0xFC,0x07,0xFF,0xFF,0xFF,0xC0,0x1F,0xFF,0xFF,
0xFC,0x00,0x7F,0xFF,0xFF,0xC0,0x01,0xFF,0xFF,0xFC,
0x00,0x07,0xFF,0xFF,0x80,0x00,0x07,0xFF,0xF0,0x00,
0x00,0x00,0xE0,0x00,0x00,0x12,0x2A,0x28,0x09,0xE9,
0xFF,0xFF,0xFF,0xFF,0xE1,0xFF,0xFF,0xFF,0xFF,0x9F,
0xFF,0xFF,0xFF,0xFD,0x20,0x00,0xFF,0x80,0x01,0x00,
0x00,0xFF,0x00,0x01,0x40,0x01,0xFF,0x00,0x01,0x00,
0x01,0xFE,0x00,0x01,0x40,0x03,0xFE,0x00,0x01,0x00,
0x03,0xFC,0x00,0x01,0x40,0x07,0xFC,0x00,0x01,0x00,
0x07,0xF8,0x00,0x01,0x40,0x0F,0xF8,0x00,0x01,0x00,
0x0F,0xF0,0x00,0x01,0x40,0x1F,0xF0,0x00,0x00,0x00,
0xFF,0x00,0x00,0x00,0x0F,0xF8,0x00,0x00,0x00,0x14,
0x2B,0x1F,0xFA,0xE4,0x1F,0xF0,0x00,0x07,0xFC,0x0F,
0xF0,0x00,0x03,0xFF,0x01,0xFF,0x00,0x00,0x3F,0xD2,
0x1F,0xF0,0x00,0x07,0xFC,0x0F,0xF0,0x00,0x03,0xFE,
0x81,0xFF,0x00,0x00,0x3F,0xC8,0x1F,0xF0,0x00,0x07,
0xFC,0x81,0xFE,0x00,0x00,0x7F,0xC8,0x3F,0xE0,0x00,
0x07,0xF8,0x83,0xFE,0x00,0x00,0xFF,0x88,0x3F,0xC0,
0x00,0x0F,0xF8,0x87,0xFC,0x00,0x00,0xFF,0x08,0x7F,
0xC0,0x00,0x1F,0xF0,0x87,0xF8,0x00,0x01,0xFF,0x08,
0xFF,0x80,0x00,0x3F,0xE0,0x7F,0xE0,0x00,0x3F,0xF0,
0x1F,0xF0,0x00,0x3F,0xF0,0x0F,0xFC,0x00,0x3F,0xF8,
0x07,0xFF,0x00,0x7F,0xF8,0x03,0xFF,0xFF,0xFF,0xFC,
0x00,0xFF,0xFF,0xFF,0xFC,0x00,0x7F,0xFF,0xFF,0xFC,
0x00,0x1F,0xFF,0xFF,0xFC,0x00,0x07,0xFF,0xFF,0xFC,
0x00,0x01,0xFF,0xFF,0xFC,0x00,0x00,0x3F,0xFF,0xF8,
0x00,0x00,0x07,0xFF,0xE0,0x00,0x00,0x00,0x0C,0x00,
0x00,0x00,0x14,0xAA,0x30,0x0B,0x1F,0xF8,0x00,0x00,
0x3F,0xF7,0xFE,0x00,0x00,0x1F,0xF9,0xFF,0x80,0x00,
0x07,0xFC,0x7F,0xE0,0x00,0x03,0xFF,0x0F,0xF8,0x00,
0x00,0xFF,0x83,0xFE,0x00,0x00,0x7F,0xE0,0xFF,0xC0,
0x00,0x1F,0xF0,0x3F,0xF0,0x00,0x0F,0xFC,0x0F,0xFC,
0x00,0x03,0xFE,0x01,0xFF,0x00,0x01,0xFF,0x80,0x7F,
0xC0,0x00,0x7F,0xC0,0x1F,0xF0,0x00,0x3F,0xF0,0x07,
0xFE,0x00,0x0F,0xF8,0x01,0xFF,0x80,0x07,0xFE,0x00,
0x7F,0xE0,0x01,0xFF,0x00,0x0F,0xF8,0x00,0xFF,0xC0,
0x03,0xFE,0x00,0x3F,0xE0,0x00,0xFF,0x80,0x1F,0xF8,
0x00,0x3F,0xF0,0x07,0xFC,0x00,0x0F,0xFC,0x03,0xFF,
0x00,0x01,0xFF,0x00,0xFF,0x80,0x00,0x7F,0xC0,0x7F,
0xE0,0x00,0x1F,0xF0,0x1F,0xF0,0x00,0x07,0xFC,0x07,
0xF8,0x00,0x01,0xFF,0x03,0xFE,0x00,0x00,0x3F,0xE0,
0xFF,0x00,0x00,0x0F,0xF8,0x7F,0xC0,0x00,0x03,0xFE,
0x1F,0xE0,0x00,0x00,0xFF,0x8F,0xF8,0x00,0x00,0x3F,
0xE3,0xFC,0x00,0x00,0x0F,0xF9,0xFF,0x00,0x00,0x80,
0x3F,0xCF,0xF0,0x00,0x04,0x01,0xFE,0xFF,0x00,0x00,
0x00,0x7F,0xFF,0x80,0x00,0x00,0x0F,0xFF,0xE0,0x00,
0x02,0x00,0x7F,0xFE,0x00,0x00,0x10,0x03,0xFF,0xE0,
0x00,0x00,0x00,0x7F,0xF0,0x00,0x00,0x00,0x1D,0x2A,
0x30,0x0F,0x5F,0xF0,0x00,0x1F,0xF0,0x00,0x1F,0xFB,
0xFE,0x00,0x07,0xFE,0x00,0x07,0xFE,0x7F,0xC0,0x00,
0xFF,0xC0,0x00,0xFF,0x8F,0xFC,0x00,0x1F,0xF8,0x00,
0x1F,0xF1,0xFF,0x80,0x07,0xFF,0x80,0x07,0xFE,0x3F,
0xF0,0x00,0xFF,0xF0,0x00,0xFF,0x87,0xFE,0x00,0x3F,
0xFE,0x00,0x3F,0xF1,0x0F,0xF8,0x00,0xFF,0xF8,0x00,
0xFF,0x84,0x3F,0xE0,0x07,0xFF,0xE0,0x07,0xFC,0x07,
0xFC,0x01,0xFF,0xFC,0x01,0xFF,0x02,0x1F,0xF0,0x07,
0xF7,0xF0,0x07,0xFC,0x03,0xFE,0x01,0xFE,0xFE,0x01,
0xFF,0x00,0x7F,0xC0,0x3F,0x9F,0xC0,0x3F,0xE0,0x0F,
0xF8,0x0F,0xF3,0xFC,0x0F,0xF8,0x00,0xFF,0x01,0xFE,
0x7F,0x81,0xFF,0x00,0x1F,0xF0,0x7F,0x8F,0xF0,0x3F,
0xC0,0x03,0xFE,0x0F,0xF1,0xFE,0x0F,0xF8,0x00,0x7F,
0xC1,0xFC,0x3F,0xC1,0xFF,0x00,0x41,0xFF,0x0F,0xF0,
0xFF,0x0F,0xF8,0x00,0x3F,0xE3,0xFC,0x1F,0xE1,0xFE,
0x00,0x07,0xFC,0x7F,0x83,0xFC,0x7F,0xC0,0x00,0xFF,
0x8F,0xE0,0x3F,0x8F,0xF0,0x00,0x0F,0xF3,0xFC,0x07,
0xF3,0xFE,0x00,0x10,0x3F,0xCF,0xE0,0x1F,0xCF,0xF0,
0x00,0x07,0xFB,0xFC,0x03,0xFB,0xFE,0x00,0x08,0x1F,
0xEF,0xE0,0x0F,0xEF,0xF0,0x00,0x20,0x7F,0xFF,0x00,
0x3F,0xFF,0x80,0x00,0x0F,0xFF,0xC0,0x07,0xFF,0xE0,
0x00,0x01,0xFF,0xF8,0x00,0x7F,0xFC,0x00,0x02,0x43,
0xFF,0xC0,0x01,0xFF,0xE0,0x00,0x08,0x0F,0xFE,0x00,
0x07,0xFF,0x00,0x00,0x01,0xFF,0x80,0x00,0xFF,0xC0,
0x00,0x00,0x17,0x2A,0xF8,0x0A,0xC0,0x1F,0xF8,0x00,
0x03,0xFF,0x80,0x1F,0xF8,0x00,0x0F,0xFE,0x00,0x3F,
0xF0,0x00,0x3F,0xF8,0x00,0x3F,0xF0,0x00,0x7F,0xE0,
0x00,0x7F,0xE0,0x01,0xFF,0x80,0x00,0x7F,0xE0,0x07,
0xFE,0x00,0x00,0xFF,0xC0,0x1F,0xF8,0x00,0x00,0xFF,
0xC0,0x7F,0xF0,0x00,0x01,0xFF,0x80,0xFF,0xC0,0x00,
0x01,0xFF,0x03,0xFF,0x00,0x00,0x03,0xFF,0x0F,0xFC,
0x00,0x00,0x03,0xFE,0x3F,0xF0,0x00,0x00,0x07,0xFC,
0x7F,0xC0,0x00,0x00,0x07,0xFD,0xFF,0x00,0x00,0x00,
0x0F,0xFF,0xFE,0x00,0x00,0x00,0x0F,0xFF,0xF8,0x00,
0x00,0x00,0x1F,0xFF,0xE0,0x00,0x00,0x00,0x1F,0xFF,
0x80,0x00,0x00,0x00,0x3F,0xFE,0x00,0x01,0x20,0x00,
0x07,0xFF,0x00,0x00,0x00,0x00,0x1F,0xFF,0x00,0x00,
0x00,0x00,0x7F,0xFE,0x00,0x00,0x00,0x01,0xFF,0xFE,
0x00,0x00,0x00,0x07,0xFF,0xFC,0x00,0x00,0x00,0x0F,
0xFF,0xFC,0x00,0x00,0x00,0x3F,0xEF,0xF8,0x00,0x00,
0x00,0xFF,0x9F,0xF8,0x00,0x00,0x03,0xFF,0x1F,0xF0,
0x00,0x00,0x0F,0xFC,0x3F,0xF0,0x00,0x00,0x3F,0xF0,
0x3F,0xE0,0x00,0x00,0xFF,0xC0,0x7F,0xE0,0x00,0x03,
0xFF,0x00,0x7F,0xC0,0x00,0x0F,0xFE,0x00,0xFF,0xC0,
0x00,0x1F,0xF8,0x00,0xFF,0xC0,0x00,0x7F,0xE0,0x01,
0xFF,0x80,0x01,0xFF,0x80,0x01,0xFF,0x80,0x07,0xFE,
0x00,0x03,0xFF,0x00,0x1F,0xF8,0x00,0x03,0xFF,0x00,
0x7F,0xE0,0x00,0x07,0xFE,0x01,0xFF,0xC0,0x00,0x07,
0xFE,0x00,0x14,0x2A,0x30,0x0A,0xDF,0xF8,0x00,0x00,
0xFF,0xEF,0xFC,0x00,0x00,0xFF,0xE3,0xFE,0x00,0x00,
0xFF,0xE1,0xFF,0x80,0x00,0x7F,0xE0,0x7F,0xC0,0x00,
0x7F,0xE0,0x3F,0xF0,0x00,0x7F,0xE0,0x0F,0xF8,0x00,
0x3F,0xF0,0x07,0xFC,0x00,0x3F,0xF0,0x03,0xFF,0x00,
0x3F,0xF0,0x00,0xFF,0x80,0x1F,0xF0,0x00,0x7F,0xC0,
0x1F,0xF8,0x00,0x1F,0xF0,0x1F,0xF8,0x00,0x0F,0xF8,
0x1F,0xF8,0x00,0x03,0xFE,0x0F,0xF8,0x00,0x01,0xFF,
0x0F,0xFC,0x00,0x00,0xFF,0x8F,0xFC,0x00,0x00,0x3F,
0xE7,0xFC,0x00,0x00,0x1F,0xF7,0xFC,0x00,0x00,0x07,
0xFB,0xFE,0x00,0x00,0x03,0xFF,0xFE,0x00,0x00,0x00,
0xFF,0xFE,0x00,0x01,0x00,0x0F,0xFF,0xC0,0x00,0x00,
0x03,0xFF,0xC0,0x00,0x00,0x01,0xFF,0xC0,0x00,0x04,
0x80,0x0F,0xF8,0x00,0x00,0x40,0x00,0xFF,0x00,0x00,
0x05,0x00,0x1F,0xF0,0x00,0x00,0x40,0x01,0xFE,0x00,
0x00,0x05,0x00,0x3F,0xE0,0x00,0x00,0x00,0x1F,0xE0,
0x00,0x00,0x00,0x1F,0xF0,0x00,0x00,0x00,0x13,0xAA,
0x08,0x09,0xC0,0x3F,0xFF,0xFF,0xFF,0xC0,0x7F,0xFF,
0xFF,0xFF,0xE8,0x0F,0xFF,0xFF,0xFF,0xF0,0x1F,0xFF,
0xFF,0xFF,0xE0,0x00,0x00,0x00,0xFF,0xC0,0x00,0x00,
0x01,0xFF,0x80,0x00,0x00,0x03,0xFF,0x04,0x00,0x00,
0x00,0xFF,0xC0,0x00,0x00,0x01,0xFF,0x80,0x00,0x00,
0x03,0xFF,0x00,0x00,0x00,0x07,0xFE,0x00,0x00,0x00,
0x0F,0xFC,0x00,0x00,0x00,0x1F,0xF8,0x00,0x00,0x00,
0x3F,0xF0,0x00,0x80,0x00,0x0F,0xFC,0x00,0x00,0x00,
0x1F,0xF8,0x00,0x00,0x00,0x3F,0xF0,0x00,0x00,0x00,
0x7F,0xE0,0x00,0x00,0x00,0xFF,0xC0,0x00,0x00,0x01,
0xFF,0x80,0x00,0x00,0x03,0xFF,0x00,0x00,0x10,0x00,
0xFF,0xC0,0x00,0x00,0x01,0xFF,0x80,0x00,0x00,0x03,
0xFF,0x00,0x00,0x00,0x07,0xFE,0x00,0x00,0x00,0x0F,
0xFC,0x00,0x00,0x00,0x1F,0xF8,0x00,0x00,0x00,0x3F,
0xF0,0x00,0x00,0x00,0x7F,0xF0,0x00,0x00,0x00,0x7F,
0xFF,0xFF,0xFF,0x00,0xFF,0xFF,0xFF,0xFF,0x02,0x3F,
0xFF,0xFF,0xFF,0xE0,0x4F,0xFF,0xFF,0xFF,0xF8,0x00,
0x0B,0xB5,0x0F,0x85,0xA4,0x01,0xFF,0xFD,0x00,0x7F,
0xFE,0x80,0x0F,0xF0,0x10,0x03,0xFE,0x02,0x80,0x7F,
0x80,0x40,0x1F,0xF0,0x0A,0x03,0xFC,0x01,0x00,0xFF,
0x80,0x28,0x1F,0xE0,0x04,0x07,0xFC,0x00,0xA0,0xFF,
0x00,0x10,0x3F,0xE0,0x02,0x87,0xF8,0x00,0x41,0xFF,
0x00,0x0A,0x3F,0xC0,0x00,0x7F,0xC0,0x01,0x6F,0xFF,
0xC0,0x23,0xFF,0xF0,0x00,0x06,0x32,0x37,0xA5,0xF7,
0xF8,0x1F,0xC0,0xFF,0x0D,0x7F,0x03,0xF8,0x43,0xFC,
0x69,0xFC,0x0F,0xE0,0x7F,0x9A,0x3F,0x81,0xFC,0x81,
0xFE,0xD0,0xFE,0x07,0xF0,0x3F,0xE4,0x1F,0xC0,0x0B,
0xB5,0xFF,0x85,0x80,0x0F,0xFF,0xC0,0x0F,0xFF,0xAC,
0x03,0xFF,0xF5,0x80,0x03,0xFC,0x00,0x07,0xFC,0xB0,
0x00,0xFF,0x00,0x01,0xFF,0x16,0x00,0x3F,0xC0,0x00,
0x7F,0xC2,0xC0,0x0F,0xF0,0x00,0x1F,0xF0,0x58,0x03,
0xFC,0x00,0x07,0xFC,0x0B,0x00,0xFF,0x00,0x01,0xFF,
0x01,0x20,0x3F,0xC0,0x25,0xFF,0xF8,0x01,0xFF,0xF0,
0x04,0xFF,0xFE,0x00,0x0C,0x92,0x19,0x77,0x00,0x01,
0xFC,0x00,0x00,0xFF,0x02,0x00,0x0F,0xFC,0x00,0x07,
0xFF,0x00,0x03,0xFF,0xE0,0x00,0xFD,0xF8,0x00,0x7F,
0x7E,0x00,0x3F,0x8F,0xC0,0x0F,0xC3,0xF0,0x07,0xF0,
0xFC,0x03,0xF8,0x3F,0x80,0xFC,0x07,0xE0,0x7F,0x01,
0xF8,0x3F,0x80,0x7F,0x0F,0xE0,0x0F,0xC7,0xF0,0x03,
0xF3,0xF8,0x00,0xFE,0x0E,0x87,0xE7,0x97,0x29,0xFF,
0xFF,0xFF,0xE7,0xFF,0xFF,0xFF,0x47,0xFF,0xFF,0xFF,
0x80,0x05,0x89,0x4A,0x45,0x5F,0xE0,0xFF,0x20,0xFE,
0x40,0xFE,0x80,0xFC,0x0F,0xE0,0x11,0x21,0x17,0xF9,
0x40,0x01,0xFC,0x0F,0xF8,0x00,0xFF,0xE1,0xFF,0x00,
0x7F,0xFE,0x3F,0xC0,0x1F,0xFF,0xE7,0xF8,0x07,0xFF,
0xFE,0xFF,0x01,0xFF,0xFF,0xFF,0xE0,0x7F,0xFF,0xFF,
0xFC,0x1F,0xFC,0x07,0xFF,0x83,0xFF,0x00,0x7F,0xE0,
0xFF,0xC0,0x0F,0xFC,0x1F,0xF0,0x00,0xFF,0x87,0xFE,
0x00,0x1F,0xF2,0x1F,0xF0,0x00,0x7F,0xC3,0xFC,0x00,
0x0F,0xF1,0x3F,0xF0,0x00,0x3F,0xC4,0x7F,0xC0,0x01,
0xFF,0x0F,0xF8,0x00,0x3F,0xC1,0xFF,0x00,0x0F,0xF8,
0x3F,0xE0,0x03,0xFF,0x07,0xFE,0x00,0x7F,0xE0,0xFF,
0xE0,0x3F,0xFC,0x0F,0xFE,0x0F,0xFF,0x81,0xFF,0xFF,
0xFF,0xE0,0x3F,0xFF,0xFB,0xFC,0x03,0xFF,0xFE,0x7F,
0x80,0x3F,0xFF,0x8F,0xF0,0x03,0xFF,0xE3,0xFE,0x00,
0x1F,0xF0,0x7F,0xC0,0x00,0x30,0x00,0x00,0x00,0x11,
0x2B,0x0F,0xF9,0x40,0x3F,0xE0,0x00,0x04,0x00,0xFF,
0x00,0x00,0x12,0x07,0xFC,0x00,0x00,0x48,0x1F,0xE0,
0x00,0x00,0x07,0xFC,0x00,0x00,0x00,0xFF,0x83,0xF8,
0x00,0x1F,0xF1,0xFF,0xE0,0x03,0xFC,0x7F,0xFE,0x00,
0x7F,0x9F,0xFF,0xE0,0x0F,0xF7,0xFF,0xFE,0x03,0xFF,
0xFF,0xFF,0xC0,0x7F,0xFF,0xFF,0xFC,0x0F,0xFF,0x81,
0xFF,0x81,0xFF,0xC0,0x1F,0xF0,0x3F,0xF0,0x03,0xFF,
0x07,0xFC,0x00,0x3F,0xE1,0xFF,0x80,0x07,0xFE,0x07,
0xFC,0x00,0x1F,0xF8,0x1F,0xE0,0x00,0x7F,0xC3,0xFC,
0x00,0x0F,0xF4,0x9F,0xF0,0x00,0x7F,0xD0,0x7F,0xC0,
0x03,0xFE,0x0F,0xF8,0x00,0xFF,0xC3,0xFF,0x80,0x3F,
0xF0,0x7F,0xF0,0x0F,0xFE,0x0F,0xFF,0x87,0xFF,0x81,
0xFF,0xFF,0xFF,0xE0,0x3F,0xDF,0xFF,0xFC,0x07,0xFB,
0xFF,0xFF,0x01,0xFF,0x3F,0xFF,0xC0,0x3F,0xE3,0xFF,
0xE0,0x07,0xFC,0x1F,0xF0,0x00,0x00,0x00,0x20,0x00,
0x00,0x0F,0xA1,0x17,0xF8,0x80,0x00,0x7F,0xC0,0x00,
0x03,0xFF,0xF0,0x00,0x0F,0xFF,0xFC,0x00,0x3F,0xFF,
0xFE,0x00,0x7F,0xFF,0xFF,0x00,0xFF,0xFF,0xFF,0x81,
0xFF,0xFF,0xFF,0x81,0xFF,0x80,0xFF,0x83,0xFF,0x00,
0x7F,0xC7,0xFE,0x00,0x7F,0xC7,0xFC,0x00,0x3F,0xCF,
0xFC,0x00,0x38,0x21,0xFF,0x00,0x00,0x01,0xFE,0x00,
0x00,0x05,0xFF,0xC0,0x00,0x00,0x7F,0xC0,0x02,0x00,
0x7F,0xC0,0x03,0xF0,0x7F,0xC0,0x07,0xFC,0x3F,0xE0,
0x0F,0xF8,0x3F,0xE0,0x1F,0xF8,0x3F,0xF8,0x7F,0xF0,
0x1F,0xFF,0xFF,0xF0,0x1F,0xFF,0xFF,0xE0,0x0F,0xFF,
0xFF,0xC0,0x07,0xFF,0xFF,0x80,0x01,0xFF,0xFE,0x00,
0x00,0x7F,0xF8,0x00,0x00,0x03,0x00,0x00,0x12,0x2B,
0x17,0xF9,0x40,0x00,0x00,0x03,0xFF,0x00,0x00,0x00,
0x03,0xFD,0x20,0x00,0x00,0x07,0xFD,0x20,0x00,0x00,
0x07,0xF8,0x00,0x00,0x00,0x7F,0xC0,0x00,0x7F,0x03,
0xFE,0x00,0x1F,0xFE,0x1F,0xF0,0x01,0xFF,0xF8,0xFF,
0x00,0x3F,0xFF,0xE7,0xF8,0x03,0xFF,0xFF,0x3F,0xC0,
0x1F,0xFF,0xFF,0xFE,0x01,0xFF,0xFF,0xFF,0xF0,0x1F,
0xFC,0x07,0xFF,0x80,0xFF,0xC0,0x1F,0xF8,0x0F,0xFC,
0x00,0xFF,0xC0,0x7F,0xC0,0x03,0xFE,0x07,0xFE,0x00,
0x1F,0xF0,0x87,0xFC,0x00,0x1F,0xF0,0x3F,0xC0,0x00,
0xFF,0x04,0x7F,0xC0,0x00,0xFF,0x04,0xFF,0xC0,0x01,
0xFF,0x04,0x7F,0xC0,0x03,0xFE,0x03,0xFE,0x00,0x3F,
0xF0,0x1F,0xF8,0x03,0xFF,0x80,0x7F,0xC0,0x3F,0xFC,
0x03,0xFF,0x87,0xFF,0xE0,0x1F,0xFF,0xFF,0xFE,0x02,
0x0F,0xFF,0xFD,0xFE,0x00,0x3F,0xFF,0xCF,0xF0,0x00,
0xFF,0xF8,0xFF,0x80,0x01,0xFF,0x87,0xFC,0x00,0x00,
0xC0,0x00,0x00,0x00,0x0F,0x21,0x17,0xF8,0x80,0x00,
0x7F,0xC0,0x00,0x07,0xFF,0xE0,0x00,0x3F,0xFF,0xF0,
0x00,0xFF,0xFF,0xF0,0x07,0xFF,0xFF,0xF0,0x1F,0xFF,
0xFF,0xE0,0x3F,0xFF,0xFF,0xE0,0xFF,0xC0,0x7F,0xC3,
0xFE,0x00,0x7F,0x87,0xF8,0x00,0xFF,0x1F,0xE0,0x01,
0xFE,0x3F,0xC0,0x07,0xFC,0xFF,0x00,0x7F,0xF1,0xFF,
0xFF,0xFF,0xC3,0xFF,0xFF,0xFF,0x0F,0xFF,0xFF,0xF8,
0x1F,0xFF,0xFF,0xC0,0x3F,0xFF,0xE0,0x00,0xAF,0xF0,
0x00,0x00,0x1F,0xF0,0x00,0xF0,0x3F,0xE0,0x03,0xFE,
0x3F,0xE0,0x0F,0xF8,0x7F,0xF0,0x7F,0xF0,0x7F,0xFF,
0xFF,0xC0,0xFF,0xFF,0xFF,0x00,0xFF,0xFF,0xFC,0x00,
0xFF,0xFF,0xF0,0x00,0xFF,0xFF,0x80,0x00,0x3F,0xFC,
0x00,0x00,0x03,0x00,0x00,0x10,0xB9,0xDF,0x36,0x00,
0x00,0x00,0x3F,0xF0,0x00,0x00,0x3F,0xF8,0x00,0x00,
0x3F,0xFE,0x00,0x00,0x1F,0xFF,0x80,0x00,0x0F,0xFF,
0xC8,0x00,0x00,0xFF,0xFE,0x00,0x00,0x7F,0xE0,0x00,
0x00,0x1F,0xF0,0x00,0x00,0x07,0xF8,0x01,0x00,0x00,
0x7F,0xC0,0x00,0x07,0xFF,0xFF,0xE2,0x40,0x3F,0xFF,
0xFE,0x12,0x03,0xFF,0xFF,0xF0,0x00,0x03,0xFE,0x00,
0x20,0x00,0x1F,0xE0,0x01,0x40,0x01,0xFF,0x00,0x08,
0x00,0x0F,0xF0,0x00,0x50,0x00,0xFF,0x80,0x02,0x00,
0x07,0xF8,0x00,0x14,0x00,0x7F,0xC0,0x00,0x80,0x03,
0xFC,0x00,0x05,0x00,0x3F,0xE0,0x00,0x20,0x01,0xFE,
0x00,0x01,0x00,0x1F,0xF0,0x00,0x00,0x0F,0xF8,0x00,
0x00,0x07,0xFE,0x00,0x00,0x87,0xFF,0xE0,0x00,0x01,
0xFF,0xF0,0x00,0x00,0x7F,0xF8,0x00,0x00,0x3F,0xFC,
0x00,0x00,0x0F,0xFC,0x00,0x00,0x01,0xF8,0x00,0x00,
0x00,0x12,0x2C,0x07,0x49,0x40,0x00,0x7F,0x03,0xFE,
0x00,0x1F,0xFE,0x1F,0xF0,0x01,0xFF,0xF8,0xFF,0x00,
0x1F,0xFF,0xE7,0xF8,0x01,0xFF,0xFF,0xBF,0xC0,0x1F,
0xFF,0xFD,0xFE,0x01,0xFF,0xFF,0xFF,0xF0,0x1F,0xFE,
0x07,0xFF,0x80,0xFF,0xC0,0x1F,0xF8,0x0F,0xFC,0x00,
0xFF,0xC8,0x0F,0xF8,0x00,0x7F,0xC8,0x1F,0xF0,0x00,
0x7F,0xC0,0xFF,0x00,0x03,0xFC,0x41,0xFF,0x00,0x03,
0xFC,0x49,0xFF,0x00,0x07,0xFC,0x41,0xFF,0x00,0x0F,
0xF8,0x0F,0xF8,0x00,0xFF,0xC0,0x7F,0xE0,0x0F,0xFE,
0x01,0xFF,0x81,0xFF,0xF0,0x0F,0xFF,0xFF,0xFF,0x80,
0x7F,0xFF,0xFF,0xF8,0x01,0xFF,0xFF,0xBF,0xC0,0x07,
0xFF,0xF9,0xFE,0x00,0x1F,0xFF,0x8F,0xF0,0x00,0x7F,
0xF8,0xFF,0x80,0x00,0xFF,0x07,0xFC,0x00,0x00,0x00,
0x3F,0xC0,0x80,0x00,0x00,0x7F,0xC0,0x0F,0x80,0x07,
0xFC,0x03,0xFE,0x00,0xFF,0xE0,0x21,0xFF,0xFF,0xFF,
0xC0,0x07,0xFF,0xFF,0xFC,0x00,0x1F,0xFF,0xFF,0x80,
0x00,0x7F,0xFF,0xF8,0x00,0x01,0xFF,0xFF,0x00,0x00,
0x01,0xFF,0x80,0x00,0x00,0x10,0xAA,0x08,0x09,0x24,
0x07,0xF8,0x00,0x01,0x00,0x7F,0xC0,0x00,0x0A,0x03,
0xFC,0x00,0x00,0x01,0xFF,0x00,0x00,0x00,0x7F,0xC1,
0xFE,0x00,0x1F,0xE1,0xFF,0xE0,0x07,0xF8,0xFF,0xFC,
0x01,0xFE,0x7F,0xFF,0x80,0x7F,0xBF,0xFF,0xF4,0x07,
0xFF,0xFF,0xFF,0x81,0xFF,0xC0,0x7F,0xF0,0x7F,0xE0,
0x0F,0xFC,0x1F,0xF0,0x03,0xFF,0x07,0xF8,0x00,0x7F,
0xE4,0x7F,0xC0,0x03,0xFD,0x23,0xFC,0x00,0x3F,0xE9,
0x3F,0xE0,0x01,0xFE,0x49,0xFE,0x00,0x1F,0xF2,0x5F,
0xF0,0x00,0xFF,0x12,0xFF,0x00,0x0F,0xF8,0x8F,0xF8,
0x00,0x7F,0x83,0xFE,0x00,0x3F,0xE0,0x08,0x2D,0x08,
0x04,0x00,0x0F,0x80,0x0F,0xE8,0x01,0xFF,0x01,0xFF,
0xC0,0x1F,0xF0,0x07,0xF0,0x01,0xE1,0x40,0x00,0x10,
0x0F,0xF9,0x20,0xFF,0x12,0x1F,0xF1,0x21,0xFE,0x12,
0x3F,0xE1,0x23,0xFC,0x12,0x7F,0xC1,0x27,0xF8,0x12,
0xFF,0x81,0x2F,0xF0,0x13,0xFF,0x00,0x0B,0xB9,0xD7,
0x44,0x00,0x00,0x1F,0x00,0x00,0x3F,0xA0,0x00,0x0F,
0xF8,0x00,0x1F,0xFC,0x00,0x03,0xFE,0x00,0x01,0xFC,
0x00,0x00,0xF0,0xA0,0x00,0x00,0x10,0x00,0x1F,0xF2,
0x40,0x03,0xFC,0x48,0x00,0xFF,0x89,0x00,0x1F,0xE1,
0x20,0x07,0xFC,0x24,0x00,0xFF,0x04,0x80,0x3F,0xE0,
0x90,0x07,0xF8,0x12,0x01,0xFF,0x02,0x40,0x3F,0xC0,
0x48,0x0F,0xF8,0x09,0x01,0xFE,0x00,0x03,0xFE,0x00,
0x07,0xFE,0x01,0x0F,0xFF,0x80,0x0F,0xFF,0x00,0x0F,
0xFE,0x00,0x1F,0xFC,0x00,0x1F,0xF0,0x00,0x1F,0x80,
0x00,0x00,0x11,0xAA,0x08,0x08,0x80,0x3F,0xE0,0x00,
0x02,0x00,0x7F,0x80,0x00,0x04,0x81,0xFF,0x00,0x00,
0x09,0x03,0xFC,0x00,0x00,0x00,0x7F,0xC0,0x00,0x00,
0x07,0xFC,0x00,0xFF,0xE0,0x7F,0xC0,0x1F,0xF8,0x07,
0xF8,0x03,0xFF,0x00,0x7F,0x80,0x7F,0xE0,0x07,0xF8,
0x0F,0xFC,0x00,0xFF,0x81,0xFF,0x80,0x0F,0xF8,0x3F,
0xF0,0x00,0xFF,0x87,0xFE,0x00,0x0F,0xF0,0xFF,0xC0,
0x00,0xFF,0x1F,0xF8,0x00,0x0F,0xF3,0xFF,0x00,0x01,
0xFF,0x7F,0xE0,0x00,0x1F,0xFF,0xFC,0x00,0x12,0x3F,
0xFF,0xF0,0x00,0x03,0xFF,0xFF,0x80,0x00,0x7F,0xFF,
0xF8,0x00,0x20,0xFF,0xFF,0xF8,0x00,0x0F,0xFC,0xFF,
0xC0,0x00,0xFF,0x8F,0xFC,0x00,0x0F,0xF0,0x7F,0xE0,
0x01,0xFF,0x07,0xFE,0x00,0x43,0xFE,0x07,0xFE,0x00,
0x3F,0xC0,0x3F,0xF0,0x08,0x7F,0x80,0x3F,0xF0,0x11,
0xFF,0x00,0x3F,0xF0,0x1F,0xF0,0x01,0xFF,0x80,0x08,
0x2A,0x08,0x04,0x00,0x3F,0xF0,0x03,0xFD,0x40,0x7F,
0xD0,0x07,0xF9,0x40,0xFF,0x90,0x0F,0xF1,0x21,0xFF,
0x12,0x1F,0xE1,0x23,0xFE,0x12,0x3F,0xC1,0x27,0xFC,
0x12,0x7F,0x81,0x2F,0xF8,0x12,0xFF,0x01,0x3F,0xF0,
0x00,0x19,0x20,0x08,0x0D,0x40,0xFF,0x03,0xF0,0x00,
0xFE,0x00,0x1F,0xE1,0xFF,0x80,0x7F,0xF0,0x03,0xFC,
0xFF,0xF8,0x3F,0xFF,0x00,0x7F,0xBF,0xFF,0x8F,0xFF,
0xF0,0x0F,0xFF,0xFF,0xF3,0xFF,0xFF,0x03,0xFF,0xFF,
0xFE,0xFF,0xFF,0xE0,0x7F,0xFF,0xFF,0xFF,0xFF,0xFC,
0x0F,0xFE,0x07,0xFF,0xC0,0xFF,0xC1,0xFF,0x80,0x7F,
0xE0,0x1F,0xF8,0x3F,0xE0,0x0F,0xFC,0x01,0xFF,0x07,
0xF8,0x01,0xFF,0x00,0x3F,0xC1,0xFF,0x00,0x3F,0xE0,
0x07,0xF8,0x3F,0xE0,0x07,0xF8,0x00,0xFF,0x07,0xFC,
0x00,0xFF,0x00,0x3F,0xE8,0x1F,0xE0,0x03,0xFC,0x00,
0xFF,0x83,0xFC,0x00,0xFF,0x80,0x1F,0xF4,0x1F,0xF0,
0x03,0xFC,0x00,0x7F,0x83,0xFE,0x00,0x7F,0x80,0x1F,
0xF2,0x0F,0xF0,0x01,0xFE,0x00,0x7F,0xC1,0xFE,0x00,
0x7F,0xC0,0x0F,0xF8,0x7F,0xC0,0x0F,0xF8,0x01,0xFE,
0x0F,0xF8,0x01,0xFE,0x00,0x3F,0xC1,0xFF,0x00,0x3F,
0xC0,0x0F,0xF8,0x87,0xF8,0x00,0xFF,0x00,0x3F,0xE0,
0xFF,0x00,0x3F,0xE0,0x07,0xFC,0x3F,0xE0,0x07,0xFC,
0x00,0xFF,0x07,0xFC,0x00,0xFF,0x00,0x1F,0xE0,0xFF,
0x80,0x1F,0xE0,0x07,0xFC,0x00,0x10,0xA0,0x08,0x09,
0x00,0xFF,0x03,0xFC,0x00,0x3F,0xC3,0xFF,0xC0,0x0F,
0xF1,0xFF,0xF8,0x80,0x7F,0xBF,0xFF,0xE4,0x07,0xFF,
0xFF,0xFF,0x81,0xFF,0xE0,0x7F,0xE0,0x7F,0xE0,0x0F,
0xFE,0x03,0xFE,0x00,0x3F,0xF2,0x3F,0xE0,0x01,0xFE,
0x91,0xFE,0x00,0x1F,0xF4,0x9F,0xF0,0x00,0xFF,0x24,
0xFF,0x00,0x0F,0xF9,0x2F,0xF8,0x00,0x7F,0x89,0x7F,
0x80,0x07,0xFC,0x47,0xFC,0x00,0x3F,0xC1,0xFF,0x00,
0x1F,0xF0,0x10,0x21,0x17,0xF9,0x00,0x00,0x7F,0xC0,
0x00,0x01,0xFF,0xF8,0x00,0x03,0xFF,0xFF,0x00,0x07,
0xFF,0xFF,0xC0,0x07,0xFF,0xFF,0xF0,0x07,0xFF,0xFF,
0xFC,0x07,0xFF,0xFF,0xFE,0x03,0xFF,0x01,0xFF,0x83,
0xFF,0x00,0x7F,0xC3,0xFF,0x00,0x3F,0xE1,0xFF,0x00,
0x0F,0xF1,0xFF,0x80,0x07,0xFE,0x1F,0xF0,0x00,0x7F,
0xCF,0xF0,0x00,0x3F,0xEF,0xF8,0x00,0x1F,0xF7,0xFC,
0x00,0x0F,0xF4,0xFF,0xC0,0x01,0xFF,0x47,0xFC,0x00,
0x3F,0xE3,0xFE,0x00,0x3F,0xF0,0xFF,0x80,0x3F,0xF0,
0x7F,0xC0,0x3F,0xF0,0x3F,0xF8,0x7F,0xF8,0x0F,0xFF,
0xFF,0xF8,0x07,0xFF,0xFF,0xF8,0x01,0xFF,0xFF,0xF8,
0x00,0x7F,0xFF,0xF8,0x00,0x0F,0xFF,0xF0,0x00,0x01,
0xFF,0xE0,0x00,0x00,0x06,0x00,0x00,0x12,0x2C,0xFF,
0x49,0x40,0x3F,0xE0,0xFE,0x00,0x01,0xFE,0x1F,0xFE,
0x00,0x0F,0xF1,0xFF,0xF8,0x00,0x7F,0x9F,0xFF,0xE0,
0x03,0xFD,0xFF,0xFF,0x80,0x3F,0xFF,0xFF,0xFC,0x01,
0xFF,0xFF,0xFF,0xF0,0x0F,0xFF,0x81,0xFF,0x80,0x7F,
0xF0,0x07,0xFC,0x03,0xFF,0x00,0x3F,0xF0,0x1F,0xF0,
0x00,0xFF,0x81,0xFF,0x80,0x07,0xFE,0x01,0xFF,0x00,
0x07,0xFE,0x01,0xFE,0x00,0x07,0xFC,0x0F,0xF0,0x00,
0x3F,0xD2,0x1F,0xF0,0x00,0x7F,0xD0,0x1F,0xF0,0x00,
0xFF,0x80,0xFF,0x80,0x0F,0xFC,0x0F,0xFE,0x00,0xFF,
0xC0,0x7F,0xF0,0x0F,0xFE,0x03,0xFF,0xE1,0xFF,0xE0,
0x1F,0xFF,0xFF,0xFE,0x00,0xFF,0x7F,0xFF,0xF0,0x07,
0xF9,0xFF,0xFF,0x00,0x7F,0xCF,0xFF,0xF0,0x03,0xFE,
0x3F,0xFE,0x00,0x1F,0xF0,0x7F,0xC0,0x00,0xFF,0x00,
0x20,0x00,0x20,0xFF,0x00,0x00,0x00,0x25,0xFF,0x00,
0x00,0x00,0x25,0xFE,0x00,0x00,0x00,0x27,0xFE,0x00,
0x00,0x00,0x00,0x11,0x2C,0x17,0x49,0x40,0x01,0xFC,
0x0F,0xF8,0x01,0xFF,0xE1,0xFF,0x00,0x7F,0xFE,0x3F,
0xC0,0x3F,0xFF,0xE7,0xF8,0x0F,0xFF,0xFE,0xFF,0x01,
0xFF,0xFF,0xFF,0xE0,0x7F,0xFF,0xFF,0xFC,0x1F,0xFC,
0x07,0xFF,0x83,0xFF,0x00,0x7F,0xE0,0xFF,0xC0,0x0F,
0xFC,0x1F,0xF0,0x00,0xFF,0x87,0xFE,0x00,0x1F,0xF2,
0x1F,0xF0,0x00,0x7F,0xC3,0xFC,0x00,0x0F,0xF1,0x1F,
0xF0,0x00,0x3F,0xC4,0xFF,0xC0,0x01,0xFF,0x11,0xFF,
0x00,0x0F,0xF8,0x3F,0xE0,0x03,0xFF,0x07,0xFE,0x00,
0xFF,0xE0,0x7F,0xC0,0x3F,0xFC,0x0F,0xFE,0x1F,0xFF,
0x81,0xFF,0xFF,0xFF,0xE0,0x1F,0xFF,0xFB,0xFC,0x03,
0xFF,0xFE,0x7F,0x80,0x3F,0xFF,0x9F,0xF0,0x03,0xFF,
0xE3,0xFE,0x00,0x1F,0xF8,0x7F,0xC0,0x00,0x30,0x0F,
0xF0,0x20,0x00,0x00,0x3F,0xC0,0x90,0x00,0x01,0xFF,
0x02,0x40,0x00,0x07,0xF8,0x09,0x00,0x00,0x3F,0xE0,
0x00,0x0C,0x20,0x08,0x06,0x00,0xFF,0x83,0xE0,0x7F,
0x8F,0xF0,0x3F,0xCF,0xFC,0x03,0xFD,0xFF,0xC0,0x7F,
0xFF,0xF0,0x3F,0xFE,0x00,0x1F,0xFC,0x00,0x0F,0xFC,
0x00,0x07,0xFC,0x00,0x48,0xFF,0x80,0x04,0x8F,0xF0,
0x00,0x49,0xFF,0x00,0x04,0x9F,0xE0,0x00,0x4B,0xFE,
0x00,0x04,0xBF,0xC0,0x00,0x4F,0xFC,0x00,0x00,0x0F,
0x21,0x0F,0xF8,0x40,0x00,0xFF,0x80,0x00,0x0F,0xFF,
0xE0,0x00,0x7F,0xFF,0xE0,0x01,0xFF,0xFF,0xF0,0x07,
0xFF,0xFF,0xE0,0x1F,0xFF,0xFF,0xE0,0x7F,0xFF,0xFF,
0xC0,0xFF,0xC0,0x7F,0xC3,0xFE,0x00,0x7F,0x87,0xFC,
0x00,0xF8,0x81,0xFF,0x00,0x00,0x03,0xFF,0x80,0x00,
0x07,0xFF,0xF0,0x00,0x07,0xFF,0xFF,0x00,0x07,0xFF,
0xFF,0x80,0x07,0xFF,0xFF,0xC0,0x07,0xFF,0xFF,0x80,
0x01,0xFF,0xFF,0x80,0x00,0x1F,0xFF,0x00,0x00,0x03,
0xFE,0x00,0x00,0x03,0xFE,0x1F,0x80,0x07,0xF8,0xFF,
0x00,0x1F,0xF1,0xFF,0x00,0x7F,0xE3,0xFF,0x83,0xFF,
0x83,0xFF,0xFF,0xFF,0x07,0xFF,0xFF,0xFC,0x07,0xFF,
0xFF,0xF0,0x07,0xFF,0xFF,0xC0,0x07,0xFF,0xFE,0x00,
0x01,0xFF,0xF0,0x00,0x00,0x18,0x00,0x00,0x0A,0x28,
0x17,0xF5,0x60,0x07,0xF8,0x24,0x0F,0xF8,0x20,0x0F,
0xF0,0x29,0xFF,0xFF,0xE7,0xFF,0xFF,0xA4,0x3F,0xE0,
0x24,0x3F,0xC0,0x28,0x7F,0xC0,0x20,0x7F,0x80,0x28,
0xFF,0x80,0x07,0xF8,0x00,0x3F,0xE0,0x01,0xFF,0x08,
0x49,0xFF,0xF8,0x40,0xFF,0xF8,0x01,0xFF,0xC0,0x00,
0x40,0x00,0x10,0x21,0x1F,0xF9,0x20,0x7F,0xC0,0x03,
0xFE,0x47,0xF8,0x00,0x7F,0xE4,0xFF,0x80,0x07,0xFA,
0x4F,0xF0,0x00,0xFF,0xA5,0xFF,0x00,0x0F,0xF0,0xFF,
0x80,0x0F,0xF9,0x0F,0xF0,0x00,0xFF,0x93,0xFF,0x00,
0x0F,0xF1,0x1F,0xF0,0x01,0xFF,0x0F,0xF8,0x01,0xFF,
0x87,0xFC,0x00,0xFF,0x83,0xFF,0x00,0xFF,0xC1,0xFF,
0xC1,0xFF,0xE0,0xFF,0xFF,0xFF,0xF0,0x7F,0xFF,0xF7,
0xF8,0x1F,0xFF,0xF3,0xFC,0x07,0xFF,0xF3,0xFE,0x01,
0xFF,0xF1,0xFE,0x00,0x7F,0xE0,0xFF,0x00,0x03,0x00,
0x00,0x00,0x10,0xA0,0x20,0x08,0xDF,0xE0,0x00,0x3F,
0xF7,0xF8,0x00,0x0F,0xFA,0x3F,0xE0,0x00,0xFF,0x8F,
0xF8,0x00,0x7F,0xC1,0xFE,0x00,0x1F,0xF1,0x0F,0xF0,
0x01,0xFF,0x08,0x7F,0xC0,0x1F,0xF0,0x41,0xFE,0x01,
0xFF,0x02,0x0F,0xF0,0x1F,0xF0,0x03,0xFE,0x0F,0xF8,
0x00,0x7F,0x83,0xFE,0x00,0x1F,0xE1,0xFF,0x00,0x40,
0xFF,0x0F,0xF0,0x00,0x3F,0xC7,0xF8,0x00,0x07,0xF1,
0xFE,0x00,0x01,0xFC,0xFF,0x00,0x00,0x7F,0xBF,0xC0,
0x02,0x03,0xFF,0xFC,0x00,0x10,0x0F,0xFF,0xC0,0x00,
0x80,0x7F,0xFC,0x00,0x00,0x1F,0xFE,0x00,0x00,0x03,
0xFF,0x80,0x00,0x00,0xFF,0xC0,0x00,0x00,0x17,0xA0,
0x20,0x0C,0x9F,0xF0,0x03,0xFC,0x00,0x7F,0xDF,0xF0,
0x03,0xFE,0x00,0x7F,0xE3,0xFE,0x00,0xFF,0xC0,0x1F,
0xF3,0xFE,0x00,0xFF,0xC0,0x3F,0xE3,0xFE,0x01,0xFF,
0xC0,0x3F,0xE3,0xFE,0x01,0xFF,0xC0,0x3F,0xC3,0xFE,
0x03,0xFF,0xC0,0x7F,0xC1,0xFE,0x03,0xFF,0xC0,0x7F,
0x81,0xFE,0x03,0xFF,0xC0,0xFF,0x81,0xFE,0x07,0xFF,
0xC0,0xFF,0x81,0xFE,0x07,0xEF,0xC0,0xFF,0x01,0xFE,
0x0F,0xEF,0xC1,0xFF,0x04,0x3F,0xC1,0xF9,0xF8,0x3F,
0xC0,0x1F,0xE3,0xF9,0xF8,0x7F,0x80,0x1F,0xE3,0xF1,
0xFC,0x7F,0x80,0x83,0xFC,0xFE,0x3F,0x9F,0xE0,0x03,
0xFC,0xFC,0x3F,0x9F,0xC0,0x03,0xFD,0xFC,0x1F,0xBF,
0xC0,0x10,0x7F,0xBF,0x03,0xF7,0xF0,0x00,0x3F,0xFE,
0x03,0xFF,0xF0,0x00,0x3F,0xFE,0x03,0xFF,0xE0,0x00,
0x3F,0xFC,0x03,0xFF,0xE0,0x00,0x3F,0xFC,0x03,0xFF,
0xC0,0x00,0x3F,0xF8,0x03,0xFF,0xC0,0x02,0x07,0xFF,
0x00,0x3F,0xF0,0x00,0x07,0xFE,0x00,0x3F,0xE0,0x00,
0x03,0xFE,0x00,0x3F,0xE0,0x00,0x00,0x12,0x20,0xF8,
0x08,0x80,0xFF,0xC0,0x07,0xFE,0x03,0xFE,0x00,0x7F,
0xE0,0x0F,0xF0,0x03,0xFE,0x00,0x7F,0xC0,0x3F,0xE0,
0x03,0xFE,0x03,0xFE,0x00,0x0F,0xF8,0x3F,0xF0,0x00,
0x7F,0xC1,0xFF,0x00,0x01,0xFE,0x1F,0xF0,0x00,0x0F,
0xF9,0xFF,0x00,0x00,0x3F,0xCF,0xF0,0x00,0x01,0xFE,
0xFF,0x80,0x00,0x07,0xFF,0xF8,0x00,0x00,0x3F,0xFF,
0x80,0x00,0x01,0xFF,0xF8,0x00,0x90,0x00,0xFF,0xF0,
0x00,0x00,0x0F,0xFF,0x80,0x04,0x00,0x1F,0xFF,0xC0,
0x00,0x01,0xFF,0xFF,0x00,0x00,0x1F,0xE7,0xF8,0x00,
0x01,0xFF,0x3F,0xE0,0x00,0x1F,0xF1,0xFF,0x00,0x00,
0xFF,0x07,0xF8,0x00,0x0F,0xF8,0x3F,0xE0,0x00,0xFF,
0x80,0xFF,0x00,0x0F,0xF8,0x07,0xFC,0x00,0xFF,0x80,
0x1F,0xE0,0x07,0xFC,0x00,0xFF,0x80,0x7F,0xC0,0x07,
0xFC,0x07,0xFC,0x00,0x1F,0xF0,0x00,0x13,0x2C,0xFF,
0x48,0xC0,0xFF,0x00,0x01,0xFF,0x81,0xFF,0x00,0x03,
0xFE,0x03,0xFE,0x00,0x0F,0xFC,0x07,0xFC,0x00,0x1F,
0xF0,0x0F,0xF8,0x00,0x7F,0xC0,0x0F,0xF0,0x00,0xFF,
0x80,0x1F,0xE0,0x03,0xFE,0x00,0x3F,0xE0,0x07,0xFC,
0x00,0x7F,0xC0,0x1F,0xF0,0x00,0x7F,0x80,0x3F,0xE0,
0x80,0x1F,0xE0,0x1F,0xF0,0x00,0x3F,0xC0,0x7F,0xC0,
0x00,0x7F,0xC0,0xFF,0x80,0x00,0x7F,0x83,0xFE,0x00,
0x00,0xFF,0x07,0xF8,0x00,0x01,0xFE,0x1F,0xF0,0x00,
0x03,0xFC,0x3F,0xC0,0x00,0x07,0xF8,0xFF,0x80,0x10,
0x00,0xFE,0x3F,0xC0,0x00,0x01,0xFC,0xFF,0x00,0x00,
0x03,0xFD,0xFE,0x00,0x00,0x07,0xFF,0xF8,0x00,0x00,
0x07,0xFF,0xF0,0x00,0x00,0x0F,0xFF,0xC0,0x00,0x80,
0x03,0xFF,0xE0,0x00,0x00,0x07,0xFF,0x80,0x00,0x00,
0x07,0xFF,0x00,0x00,0x80,0x01,0xFF,0x80,0x00,0x20,
0x00,0x7F,0xC0,0x00,0x08,0x00,0x3F,0xE0,0x00,0x00,
0x00,0xFF,0x80,0x00,0x00,0x7F,0xFE,0x00,0x00,0x01,
0xFF,0xFC,0x00,0x00,0x03,0xFF,0xF0,0x00,0x00,0x0F,
0xFF,0xC0,0x00,0x00,0x1F,0xFF,0x00,0x00,0x00,0x7F,
0xF8,0x00,0x00,0x00,0x7F,0x80,0x00,0x00,0x00,0x0F,
0xA0,0x08,0x08,0x68,0x1F,0xFF,0xFF,0xFC,0x03,0xFF,
0xFF,0xFE,0x07,0xFF,0xFF,0xFE,0x00,0x00,0x0F,0xFC,
0x00,0x00,0x1F,0xF8,0x00,0x00,0x3F,0xF0,0x00,0x00,
0x7F,0xE0,0x00,0x00,0xFF,0xC0,0x00,0x01,0xFF,0x80,
0x00,0x03,0xFF,0x00,0x00,0x07,0xFE,0x00,0x00,0x0F,
0xFC,0x00,0x00,0x1F,0xF8,0x00,0x00,0x3F,0xF8,0x00,
0x00,0x7F,0xF0,0x00,0x00,0xFF,0xE0,0x00,0x01,0xFF,
0xC0,0x00,0x03,0xFF,0x80,0x00,0x03,0xFF,0x00,0x00,
0x07,0xFE,0x00,0x00,0x0F,0xFC,0x00,0x00,0x1F,0xFF,
0xFF,0xF0,0x3F,0xFF,0xFF,0xF0,0xAF,0xFF,0xFF,0xFE,
0x0F,0xFF,0xFF,0xFC,0x00,0x0C,0xB5,0x27,0x86,0xC0,
0x00,0x00,0x70,0x00,0x03,0xFC,0x00,0x03,0xFF,0x00,
0x03,0xFF,0xC0,0x01,0xFF,0xF8,0x00,0x1F,0xFF,0x00,
0x0F,0xFE,0x00,0x03,0xFE,0x04,0x00,0x1F,0xE0,0x2C,
0x01,0xFE,0x01,0x40,0x1F,0xE0,0x00,0x0F,0xF8,0x00,
0x07,0xFC,0x00,0x03,0xFF,0x00,0x0F,0xFF,0x80,0x03,
0xFF,0xC0,0x00,0xFF,0xC0,0x00,0x7F,0xC0,0x00,0x1F,
0xE0,0x00,0x07,0xFF,0x00,0x01,0xFF,0xE0,0x00,0x7F,
0xFC,0x00,0x03,0xFF,0x00,0x00,0x3F,0xC0,0x00,0x0F,
0xF8,0x00,0xC0,0x7F,0x80,0x05,0x07,0xF8,0x00,0x01,
0xFF,0x00,0x00,0x7F,0xE0,0x00,0x1F,0xFF,0x80,0x07,
0xFF,0xC0,0x20,0x1F,0xFE,0x00,0x03,0xFF,0x80,0x00,
0x7F,0xE0,0x00,0x03,0xF8,0x00,0x0A,0x46,0x17,0x25,
0x80,0x03,0xFF,0x60,0x03,0xFC,0x00,0x3F,0xEB,0x00,
0x3F,0xC0,0x03,0xFE,0x58,0x03,0xFC,0x00,0x3F,0xE2,
0xC0,0x3F,0xC0,0x03,0xFE,0x16,0x03,0xFC,0x00,0x3F,
0xE0,0xB0,0x3F,0xC0,0x03,0xFE,0x05,0x83,0xFC,0x00,
0x3F,0xE0,0x2C,0x3F,0xC0,0x03,0xFE,0x01,0x63,0xFC,
0x00,0x3F,0xE0,0x0B,0x3F,0xC0,0x03,0xFE,0x00,0x5B,
0xFC,0x00,0x3F,0xE0,0x02,0x7F,0xC0,0x00,0x0C,0xB5,
0xFF,0x86,0xC0,0x0F,0x00,0x00,0x03,0xFC,0x00,0x01,
0xFF,0xC0,0x80,0x0F,0xFF,0x04,0x00,0x7F,0xFC,0x00,
0x03,0xFF,0x00,0x00,0x7F,0xC3,0x00,0x01,0xFE,0x18,
0x00,0x1F,0xE0,0x00,0x07,0xFC,0x00,0x01,0xFF,0x80,
0x00,0x7F,0xFC,0x00,0x0F,0xFF,0x00,0x01,0xFF,0xE0,
0x00,0x03,0xFE,0x00,0x03,0xFF,0x80,0x03,0xFF,0xC0,
0x01,0xFF,0xF0,0x00,0xFF,0xE0,0x00,0x3F,0xE0,0x00,
0x1F,0xF0,0x16,0x00,0xFF,0x00,0xA0,0x0F,0xF0,0x00,
0x07,0xFC,0x00,0x01,0xFE,0x00,0x01,0xFF,0x80,0x07,
0xFF,0xE0,0x01,0xFF,0xF0,0x00,0x7F,0xF8,0x00,0x1F,
0xFC,0x00,0x0F,0xFE,0x00,0x03,0xFE,0x00,0x00,0xFC,
0x00,0x00,0x00,0x10,0x0D,0x20,0xBA,0x00,0x0E,0x00,
0x00,0x00,0x3F,0xE0,0x03,0xF0,0x7F,0xF8,0x03,0xF8,
0x7F,0xFE,0x01,0xFC,0x7F,0xFF,0x80,0xFE,0x3F,0xFF,
0xE0,0xFE,0x3F,0xFF,0xFF,0xFF,0x1F,0xE3,0xFF,0xFF,
0x0F,0xE0,0xFF,0xFF,0x8F,0xE0,0x3F,0xFF,0x87,0xF0,
0x07,0xFF,0x83,0xF0,0x01,0xFF,0x80,0x00,0x00,0x3F,
0x00,
};
/* font data size: 12011 bytes */

static const unsigned char Inter_42_Bold_Italic_index[] = {
0x00,0x00,0x00,0x50,0x0E,0x40,0x5B,0x03,0x44,0x1A,
0x40,0xA8,0x03,0x63,0x0D,0xC0,0x3C,0x71,0x05,0xC4,
0x5B,0x12,0x54,0x4B,0x21,0x30,0x04,0xD1,0x16,0x18,
0x62,0x61,0x9C,0xC7,0x24,0x1F,0x40,0x86,0xB2,0x40,
0x89,0xB7,0x29,0x8C,0xB2,0x02,0xF6,0x8C,0x04,0x31,
0x0C,0xCC,0xC3,0x3B,0xCD,0x78,0x37,0xDC,0xF6,0xF4,
0x0B,0x90,0xCE,0x46,0x31,0x24,0x14,0xA8,0x92,0xF4,
0x4F,0x09,0x43,0xF5,0x1A,0x14,0xDA,0x56,0xED,0x5F,
0x95,0xB9,0x17,0x9B,0x61,0x91,0x8F,0xA6,0x72,0x1A,
0x6C,0x6C,0xAD,0xB7,0xF7,0x06,0x1C,0xE6,0x77,0x69,
0xEC,0xA7,0xDC,0x20,0x1C,0x81,0x76,0x07,0xF8,0x30,
0x20,0xFC,0x84,0x36,0x11,0xC8,0x68,0x62,0x39,0x8A,
0xBA,0x34,0xA8,0xF0,0xE4,0x55,0x94,0x0E,0x56,0x99,
0x66,0xE5,0xFA,0x9A,0x36,0x6B,0x79,0xDC,0x27,0xBC,
0xA0,0xE6,0x8D,0x5A,0x5A,0x69,0xA3,0xA8,0x92,0xA5,
0xAA,0xAD,0x2B,0x1E,0xAF,0x1E,0xC5,0x3B,0x44,0xED,
0x7D,0xB7,0xDA,0xE3,0xEB,0xAC,0x40,
};
/* font index size: 167 bytes */

const ILI9341_t3_font_t Inter_42_Bold_Italic = {
	Inter_42_Bold_Italic_index,
	0,
	Inter_42_Bold_Italic_data,
	1,
	0,
	32,
	126,
	0,
	0,
	14,
	6,
	7,
	5,
	7,
	6,
	69,
	42
};




